periodo,año,trimestre,sector_codigo,sector_nombre,A_notional_nominal_total,A_notional_real_total
2003T1,2003,1,S11,Empresas no financieras,14573.495145130704,0.8683175924790096
2003T2,2003,2,S11,Empresas no financieras,14721.169481847255,0.8770249751531153
2003T3,2003,3,S11,Empresas no financieras,14873.277960503348,0.8860010290522347
2003T4,2003,4,S11,Empresas no financieras,15570.113063922843,0.9271851368193442
2004T1,2004,1,S11,Empresas no financieras,16381.465162141792,0.9754201276354252
2004T2,2004,2,S11,Empresas no financieras,17018.202917273713,1.0128423801329005
2004T3,2004,3,S11,Empresas no financieras,17548.977556146812,1.0437179214912973
2004T4,2004,4,S11,Empresas no financieras,19915.670183020862,1.1803862701346315
2005T1,2005,1,S11,Empresas no financieras,20367.405322364164,1.2066518040471128
2005T2,2005,2,S11,Empresas no financieras,20419.350121820582,1.2096219027909936
2005T3,2005,3,S11,Empresas no financieras,20802.341472950473,1.231238386727263
2005T4,2005,4,S11,Empresas no financieras,22383.42753489498,1.3191995981083293
2006T1,2006,1,S11,Empresas no financieras,23013.239361130487,1.3543538612633292
2006T2,2006,2,S11,Empresas no financieras,23448.84182203984,1.378352145743279
2006T3,2006,3,S11,Empresas no financieras,24436.674659411132,1.4320353577909657
2006T4,2006,4,S11,Empresas no financieras,26044.824967885645,1.5197380727474898
2007T1,2007,1,S11,Empresas no financieras,26666.732363929576,1.5535871127254537
2007T2,2007,2,S11,Empresas no financieras,27499.82792001455,1.5983190688923583
2007T3,2007,3,S11,Empresas no financieras,28362.824055925194,1.6433161404672543
2007T4,2007,4,S11,Empresas no financieras,31061.082932799913,1.780823434426112
2008T1,2008,1,S11,Empresas no financieras,30385.256239093862,1.74672956781544
2008T2,2008,2,S11,Empresas no financieras,31373.274789465864,1.7955140786474224
2008T3,2008,3,S11,Empresas no financieras,31779.911550241,1.8148884913344254
2008T4,2008,4,S11,Empresas no financieras,33068.060327894265,1.8749348530362295
2009T1,2009,1,S11,Empresas no financieras,33354.495866044046,1.8886008206565699
2009T2,2009,2,S11,Empresas no financieras,33085.207588536214,1.8757365384121623
2009T3,2009,3,S11,Empresas no financieras,35586.264468624184,1.995780834282126
2009T4,2009,4,S11,Empresas no financieras,38675.08153185087,2.143268527628346
2010T1,2010,1,S11,Empresas no financieras,39559.47004393659,2.1853852345241522
2010T2,2010,2,S11,Empresas no financieras,40222.705420571096,2.216666734929512
2010T3,2010,3,S11,Empresas no financieras,44284.22238612815,2.4069909555855227
2010T4,2010,4,S11,Empresas no financieras,46281.53678398858,2.5000817594968847
2011T1,2011,1,S11,Empresas no financieras,48615.605271466164,2.608249354450212
2011T2,2011,2,S11,Empresas no financieras,48256.47925500149,2.5918433324709023
2011T3,2011,3,S11,Empresas no financieras,46062.35638118888,2.492167969132182
2011T4,2011,4,S11,Empresas no financieras,52830.91432641508,2.795772025699173
2012T1,2012,1,S11,Empresas no financieras,53196.91508915177,2.8120145357536073
2012T2,2012,2,S11,Empresas no financieras,54299.127404257255,2.860726021101677
2012T3,2012,3,S11,Empresas no financieras,56381.49512222511,2.9529026892055428
2012T4,2012,4,S11,Empresas no financieras,61081.27754114925,3.1586657407219834
2013T1,2013,1,S11,Empresas no financieras,60917.722100743915,3.1515140190572364
2013T2,2013,2,S11,Empresas no financieras,58372.618340306035,3.0401439358049123
2013T3,2013,3,S11,Empresas no financieras,58918.57618758744,3.063787655781087
2013T4,2013,4,S11,Empresas no financieras,60234.858480098665,3.120257288520238
2014T1,2014,1,S11,Empresas no financieras,58096.45067349244,3.0296735411521425
2014T2,2014,2,S11,Empresas no financieras,60059.35042793752,3.1113806515508324
2014T3,2014,3,S11,Empresas no financieras,60828.11435089849,3.143189791189122
2014T4,2014,4,S11,Empresas no financieras,63500.870393936646,3.2517188523874827
2015T1,2015,1,S11,Empresas no financieras,62267.19617286878,3.2016158899653737
2015T2,2015,2,S11,Empresas no financieras,63753.55112150912,3.2611106395322915
2015T3,2015,3,S11,Empresas no financieras,69550.96857105523,3.489833668256767
2015T4,2015,4,S11,Empresas no financieras,68277.23722824664,3.440135011659572
2016T1,2016,1,S11,Empresas no financieras,67862.06864166971,3.4240507182161255
2016T2,2016,2,S11,Empresas no financieras,70275.10415595717,3.516674279963329
2016T3,2016,3,S11,Empresas no financieras,70902.00619439491,3.5405796668921594
2016T4,2016,4,S11,Empresas no financieras,73576.864955157,3.6421001159270414
2017T1,2017,1,S11,Empresas no financieras,73789.82262345283,3.6501447725821947
2017T2,2017,2,S11,Empresas no financieras,72986.36580301808,3.620013360296141
2017T3,2017,3,S11,Empresas no financieras,74631.97919217899,3.6817467268853243
2017T4,2017,4,S11,Empresas no financieras,75720.3185344833,3.722359222465404
2018T1,2018,1,S11,Empresas no financieras,75755.31290445056,3.723656901581062
2018T2,2018,2,S11,Empresas no financieras,73778.07389264458,3.6508539354744975
2018T3,2018,3,S11,Empresas no financieras,72665.4237663988,3.6101831081040454
2018T4,2018,4,S11,Empresas no financieras,74480.34883279518,3.676022870592128
2019T1,2019,1,S11,Empresas no financieras,73942.3873886366,3.656507303302905
2019T2,2019,2,S11,Empresas no financieras,74796.21493420277,3.6871068218389267
2019T3,2019,3,S11,Empresas no financieras,75934.5258563382,3.7276904432313995
2019T4,2019,4,S11,Empresas no financieras,73528.47900484757,3.642700971283009
2020T1,2020,1,S11,Empresas no financieras,75999.54023142677,3.729109387505261
2020T2,2020,2,S11,Empresas no financieras,80865.30801414765,3.898669485340492
2020T3,2020,3,S11,Empresas no financieras,82569.82161540198,3.9580439630967272
2020T4,2020,4,S11,Empresas no financieras,83441.23946152834,3.988020156904171
2021T1,2021,1,S11,Empresas no financieras,87253.04646508963,4.117696524624051
2021T2,2021,2,S11,Empresas no financieras,89372.73834645895,4.189043007635544
2021T3,2021,3,S11,Empresas no financieras,90620.65159601593,4.230517944614747
2021T4,2021,4,S11,Empresas no financieras,85461.22656743764,4.064040520998703
2022T1,2022,1,S11,Empresas no financieras,85607.72402882541,4.068657851492075
2022T2,2022,2,S11,Empresas no financieras,84150.62696431615,4.024619269841635
2022T3,2022,3,S11,Empresas no financieras,81914.82851203076,3.9593561651136486
2022T4,2022,4,S11,Empresas no financieras,85613.97671162925,4.064712045228601
2023T1,2023,1,S11,Empresas no financieras,90055.976371476,4.189573316526888
2023T2,2023,2,S11,Empresas no financieras,92857.89106732675,4.267211306762568
2023T3,2023,3,S11,Empresas no financieras,96983.18352471958,4.3811774380812745
2023T4,2023,4,S11,Empresas no financieras,101257.86584702446,4.497370878856131
2024T1,2024,1,S11,Empresas no financieras,104417.54887433274,4.58255241534305
2024T2,2024,2,S11,Empresas no financieras,106120.15406856207,4.627868383044126
2024T3,2024,3,S11,Empresas no financieras,107151.8093332599,4.655081356804317
2024T4,2024,4,S11,Empresas no financieras,108579.62688731626,4.6922479516894136
2025T1,2025,1,S11,Empresas no financieras,108846.154780016,4.6991006060553255
2025T2,2025,2,S11,Empresas no financieras,113148.10988435626,4.808656911232673
2025T3,2025,3,S11,Empresas no financieras,113741.0107086227,4.823672513717789
2003T1,2003,1,S121,Banco Central,18182.328553997002,1.0833390067683335
2003T2,2003,2,S121,Banco Central,17137.926347243,1.0217574897486037
2003T3,2003,3,S121,Banco Central,17117.799299465,1.020569775117035
2003T4,2003,4,S121,Banco Central,17500.654979322,1.0431971793639028
2004T1,2004,1,S121,Banco Central,16924.068583167,1.0089190409523985
2004T2,2004,2,S121,Banco Central,17097.757988055,1.0191270876929412
2004T3,2004,3,S121,Banco Central,16680.758482285,0.9948699274145829
2004T4,2004,4,S121,Banco Central,17152.620463962,1.0221183318297111
2005T1,2005,1,S121,Banco Central,16389.253925581,0.9777334081094822
2005T2,2005,2,S121,Banco Central,16582.681768439,0.9887932215867896
2005T3,2005,3,S121,Banco Central,15854.178192970001,0.9476756198702441
2005T4,2005,4,S121,Banco Central,16389.933221357,0.9774814997870276
2006T1,2006,1,S121,Banco Central,15364.661574957001,0.9202538204048558
2006T2,2006,2,S121,Banco Central,15776.087737317,0.9429201801545171
2006T3,2006,3,S121,Banco Central,15607.578287672,0.9337626302380715
2006T4,2006,4,S121,Banco Central,16886.567100356,1.003514064964228
2007T1,2007,1,S121,Banco Central,14581.331913934002,0.8780452275132334
2007T2,2007,2,S121,Banco Central,15878.46318366,0.9476929632096966
2007T3,2007,3,S121,Banco Central,14405.999840723,0.8709179515074337
2007T4,2007,4,S121,Banco Central,14569.082707435,0.8792288974603268
2008T1,2008,1,S121,Banco Central,14213.386558153,0.8612848636118726
2008T2,2008,2,S121,Banco Central,15261.309926782,0.9130272412309172
2008T3,2008,3,S121,Banco Central,18008.219484003,1.0439051266292383
2008T4,2008,4,S121,Banco Central,18104.222737234,1.0483802665882735
2009T1,2009,1,S121,Banco Central,18017.17782102,1.0442273147088397
2009T2,2009,2,S121,Banco Central,18169.134844421,1.051486516840257
2009T3,2009,3,S121,Banco Central,19662.515562595,1.1231649493486267
2009T4,2009,4,S121,Banco Central,20746.40903925,1.174919697341978
2010T1,2010,1,S121,Banco Central,20623.540093504,1.1690683827852377
2010T2,2010,2,S121,Banco Central,19243.00965606,1.1039556566552586
2010T3,2010,3,S121,Banco Central,18112.798633436,1.05099354080497
2010T4,2010,4,S121,Banco Central,18901.699030598,1.0877626004264664
2011T1,2011,1,S121,Banco Central,20335.821903482,1.1542240701132718
2011T2,2011,2,S121,Banco Central,21668.804739971998,1.2151189780589033
2011T3,2011,3,S121,Banco Central,23382.205412934,1.2929559290613477
2011T4,2011,4,S121,Banco Central,26777.079057863,1.4452331819819277
2012T1,2012,1,S121,Banco Central,24587.639732128002,1.348069476649958
2012T2,2012,2,S121,Banco Central,25291.20743793,1.3791631484615168
2012T3,2012,3,S121,Banco Central,24868.259041443,1.3604412034219104
2012T4,2012,4,S121,Banco Central,26743.13548225,1.4425259178383374
2013T1,2013,1,S121,Banco Central,25084.39104341,1.3699946800505178
2013T2,2013,2,S121,Banco Central,26096.800786948996,1.414296275598828
2013T3,2013,3,S121,Banco Central,26347.025738224,1.4251327324946448
2013T4,2013,4,S121,Banco Central,25790.418884444,1.4012538238502945
2014T1,2014,1,S121,Banco Central,25760.065088093,1.3999680257851046
2014T2,2014,2,S121,Banco Central,25602.79854282,1.3934216930202536
2014T3,2014,3,S121,Banco Central,25734.394128168,1.3988667226647176
2014T4,2014,4,S121,Banco Central,26466.568062321,1.428597138919697
2015T1,2015,1,S121,Banco Central,26139.733458147002,1.4153234710327238
2015T2,2015,2,S121,Banco Central,25824.024012158,1.4026864798199532
2015T3,2015,3,S121,Banco Central,26113.311302992002,1.4140996074594387
2015T4,2015,4,S121,Banco Central,26574.001955648004,1.4320749102367127
2016T1,2016,1,S121,Banco Central,26895.339127074003,1.4445240249496472
2016T2,2016,2,S121,Banco Central,26956.76305809,1.4468817620129975
2016T3,2016,3,S121,Banco Central,26810.311302367,1.4412971799374799
2016T4,2016,4,S121,Banco Central,27908.109177127,1.4829625324525493
2017T1,2017,1,S121,Banco Central,26600.60120121,1.433570308991896
2017T2,2017,2,S121,Banco Central,26186.801167488,1.4180518902008101
2017T3,2017,3,S121,Banco Central,25151.166757323997,1.3792012104991658
2017T4,2017,4,S121,Banco Central,26261.022516352,1.4206166131736797
2018T1,2018,1,S121,Banco Central,25277.746592028,1.3841542727138045
2018T2,2018,2,S121,Banco Central,24917.333430047,1.370883673125495
2018T3,2018,3,S121,Banco Central,25132.284858261,1.378740817275041
2018T4,2018,4,S121,Banco Central,27041.535312723,1.448002407618071
2019T1,2019,1,S121,Banco Central,26282.462857920997,1.4204656208651576
2019T2,2019,2,S121,Banco Central,26305.555955623997,1.4212932325706906
2019T3,2019,3,S121,Banco Central,25807.687943653997,1.4035429971048745
2019T4,2019,4,S121,Banco Central,28384.807713053,1.4945753260112233
2020T1,2020,1,S121,Banco Central,28634.225834958,1.503297013948019
2020T2,2020,2,S121,Banco Central,45009.911273872,2.073949570570553
2020T3,2020,3,S121,Banco Central,53359.400317463,2.3647929825150555
2020T4,2020,4,S121,Banco Central,55171.788534876,2.4271379306946255
2021T1,2021,1,S121,Banco Central,55806.673353041,2.4487364945944283
2021T2,2021,2,S121,Banco Central,67111.145939632,2.829232531986463
2021T3,2021,3,S121,Banco Central,68792.456116626,2.8851116034348
2021T4,2021,4,S121,Banco Central,66085.463985354,2.7977660032435234
2022T1,2022,1,S121,Banco Central,64727.159853986996,2.7549547556927365
2022T2,2022,2,S121,Banco Central,63385.47123927399,2.7144042219996325
2022T3,2022,3,S121,Banco Central,57004.28741523699,2.528137044038687
2022T4,2022,4,S121,Banco Central,56490.967645116994,2.513517122574803
2023T1,2023,1,S121,Banco Central,55982.992409991995,2.4992383205705857
2023T2,2023,2,S121,Banco Central,56034.247063692994,2.500658530939397
2023T3,2023,3,S121,Banco Central,57729.043633394,2.5474793104152615
2023T4,2023,4,S121,Banco Central,61372.711002767996,2.6465206465345634
2024T1,2024,1,S121,Banco Central,60608.11043524899,2.6259078665255755
2024T2,2024,2,S121,Banco Central,40471.51523080799,2.089959015325741
2024T3,2024,3,S121,Banco Central,30356.738954887995,1.823151729204406
2024T4,2024,4,S121,Banco Central,29705.802502538998,1.8062076235995501
2025T1,2025,1,S121,Banco Central,28515.275635536997,1.775598185126681
2025T2,2025,2,S121,Banco Central,29503.316001252995,1.8007602449828406
2025T3,2025,3,S121,Banco Central,30246.040442920996,1.8195702289053035
2003T1,2003,1,S122,Bancos y cooperativas,39893.642034781195,2.3769418977323813
2003T2,2003,2,S122,Bancos y cooperativas,40096.2603034172,2.388888962070072
2003T3,2003,3,S122,Bancos y cooperativas,40602.84251316479,2.418782819790588
2003T4,2003,4,S122,Bancos y cooperativas,42415.1234290803,2.525891620967627
2004T1,2004,1,S122,Bancos y cooperativas,42866.49731940714,2.5527258591514284
2004T2,2004,2,S122,Bancos y cooperativas,43957.94651530099,2.6168723418559825
2004T3,2004,3,S122,Bancos y cooperativas,44583.07890962289,2.653236741512188
2004T4,2004,4,S122,Bancos y cooperativas,47149.34299507754,2.80142965459234
2005T1,2005,1,S122,Bancos y cooperativas,48472.173761529484,2.8783438756273165
2005T2,2005,2,S122,Bancos y cooperativas,50696.599815917216,3.0055320657662725
2005T3,2005,3,S122,Bancos y cooperativas,52420.62414600067,3.1028380339742796
2005T4,2005,4,S122,Bancos y cooperativas,55697.145095526255,3.2851220719989143
2006T1,2006,1,S122,Bancos y cooperativas,57044.131625306036,3.3603069398619887
2006T2,2006,2,S122,Bancos y cooperativas,58539.098483707116,3.4426679069720243
2006T3,2006,3,S122,Bancos y cooperativas,60199.35433867789,3.5328935643342416
2006T4,2006,4,S122,Bancos y cooperativas,62806.73470355201,3.675090680933817
2007T1,2007,1,S122,Bancos y cooperativas,64737.83468330408,3.780196169036833
2007T2,2007,2,S122,Bancos y cooperativas,68509.4102425951,3.9827058948013105
2007T3,2007,3,S122,Bancos y cooperativas,70880.09172662094,4.106314471919016
2007T4,2007,4,S122,Bancos y cooperativas,75362.3455570496,4.33473680764866
2008T1,2008,1,S122,Bancos y cooperativas,77764.57698551351,4.455923731238329
2008T2,2008,2,S122,Bancos y cooperativas,81112.72687763066,4.621242342531194
2008T3,2008,3,S122,Bancos y cooperativas,84619.21196825147,4.788310585690054
2008T4,2008,4,S122,Bancos y cooperativas,88585.69979407165,4.9732062800437
2009T1,2009,1,S122,Bancos y cooperativas,85894.0152421695,4.844784806339449
2009T2,2009,2,S122,Bancos y cooperativas,86180.48051339602,4.858469657891042
2009T3,2009,3,S122,Bancos y cooperativas,88146.26560711743,4.952822285088851
2009T4,2009,4,S122,Bancos y cooperativas,93220.57653493244,5.195115175456126
2010T1,2010,1,S122,Bancos y cooperativas,91946.4216365536,5.134436856299404
2010T2,2010,2,S122,Bancos y cooperativas,92979.9709575389,5.18318421604885
2010T3,2010,3,S122,Bancos y cooperativas,94092.03036041814,5.235295740134813
2010T4,2010,4,S122,Bancos y cooperativas,98338.96833075718,5.4332369707413015
2011T1,2011,1,S122,Bancos y cooperativas,101826.68227670577,5.59486788750422
2011T2,2011,2,S122,Bancos y cooperativas,106282.02994306761,5.798402380658906
2011T3,2011,3,S122,Bancos y cooperativas,108753.33125048384,5.910669500552759
2011T4,2011,4,S122,Bancos y cooperativas,114988.4068184242,6.190344174352891
2012T1,2012,1,S122,Bancos y cooperativas,115709.51990664804,6.22234598357941
2012T2,2012,2,S122,Bancos y cooperativas,120436.03316445224,6.431230858253441
2012T3,2012,3,S122,Bancos y cooperativas,122786.78540717387,6.5352876525468275
2012T4,2012,4,S122,Bancos y cooperativas,127436.51976461518,6.738859529890669
2013T1,2013,1,S122,Bancos y cooperativas,128138.27763587462,6.769545008520147
2013T2,2013,2,S122,Bancos y cooperativas,130345.9329346627,6.866148832002834
2013T3,2013,3,S122,Bancos y cooperativas,132365.09580230777,6.95359243532608
2013T4,2013,4,S122,Bancos y cooperativas,136668.52995378518,7.1382134299513496
2014T1,2014,1,S122,Bancos y cooperativas,137413.57662364733,7.169773883065923
2014T2,2014,2,S122,Bancos y cooperativas,138085.52762992782,7.197744325737966
2014T3,2014,3,S122,Bancos y cooperativas,140995.2529435431,7.318140010349914
2014T4,2014,4,S122,Bancos y cooperativas,148647.66397728954,7.628871319913217
2015T1,2015,1,S122,Bancos y cooperativas,148833.34008609218,7.636412146286301
2015T2,2015,2,S122,Bancos y cooperativas,151411.10709197586,7.739593154696982
2015T3,2015,3,S122,Bancos y cooperativas,154227.9400798949,7.850724460664659
2015T4,2015,4,S122,Bancos y cooperativas,161452.01478303707,8.132594581809894
2016T1,2016,1,S122,Bancos y cooperativas,162547.1946064782,8.175023595524076
2016T2,2016,2,S122,Bancos y cooperativas,165785.66901504353,8.299331353355424
2016T3,2016,3,S122,Bancos y cooperativas,165982.3811740248,8.306832493861798
2016T4,2016,4,S122,Bancos y cooperativas,173254.65191100104,8.582841157029762
2017T1,2017,1,S122,Bancos y cooperativas,171471.2994627506,8.515473504781742
2017T2,2017,2,S122,Bancos y cooperativas,175279.5956394719,8.658293055614733
2017T3,2017,3,S122,Bancos y cooperativas,177197.51085818995,8.730241524230722
2017T4,2017,4,S122,Bancos y cooperativas,185746.16715029196,9.049243376303368
2018T1,2018,1,S122,Bancos y cooperativas,187639.72580299218,9.11946128621809
2018T2,2018,2,S122,Bancos y cooperativas,190725.9823833147,9.23309885449981
2018T3,2018,3,S122,Bancos y cooperativas,192619.254521164,9.302303847576622
2018T4,2018,4,S122,Bancos y cooperativas,198530.13177444306,9.516731848852084
2019T1,2019,1,S122,Bancos y cooperativas,198288.80327749523,9.5079772018934
2019T2,2019,2,S122,Bancos y cooperativas,204656.05529289192,9.736167129801448
2019T3,2019,3,S122,Bancos y cooperativas,210613.74702640294,9.948573688487803
2019T4,2019,4,S122,Bancos y cooperativas,224987.81324014108,10.456312885877065
2020T1,2020,1,S122,Bancos y cooperativas,235791.92892943323,10.83411272157199
2020T2,2020,2,S122,Bancos y cooperativas,251814.71273373385,11.392467519985889
2020T3,2020,3,S122,Bancos y cooperativas,253239.58584944333,11.442101091141845
2020T4,2020,4,S122,Bancos y cooperativas,257992.63615604624,11.6056028576028
2021T1,2021,1,S122,Bancos y cooperativas,257360.12317695894,11.584084982855444
2021T2,2021,2,S122,Bancos y cooperativas,272554.86528207373,12.095523187150615
2021T3,2021,3,S122,Bancos y cooperativas,279794.95024264493,12.336150544517306
2021T4,2021,4,S122,Bancos y cooperativas,283246.09630551125,12.447507508110391
2022T1,2022,1,S122,Bancos y cooperativas,288045.7048185462,12.598782339315981
2022T2,2022,2,S122,Bancos y cooperativas,290465.0224908802,12.671902601134176
2022T3,2022,3,S122,Bancos y cooperativas,296071.2884311653,12.835549874804915
2022T4,2022,4,S122,Bancos y cooperativas,308690.03070007457,13.194945775144618
2023T1,2023,1,S122,Bancos y cooperativas,315393.2618467327,13.383368563724225
2023T2,2023,2,S122,Bancos y cooperativas,316288.7609213034,13.408181863183536
2023T3,2023,3,S122,Bancos y cooperativas,314072.92152865016,13.346966653398411
2023T4,2023,4,S122,Bancos y cooperativas,319674.0404697491,13.49921499207837
2024T1,2024,1,S122,Bancos y cooperativas,323117.78343412105,13.592054468201747
2024T2,2024,2,S122,Bancos y cooperativas,306969.6630279967,13.162261521934932
2024T3,2024,3,S122,Bancos y cooperativas,299505.44424422656,12.965370567316906
2024T4,2024,4,S122,Bancos y cooperativas,304656.9843732362,13.099466975128452
2025T1,2025,1,S122,Bancos y cooperativas,305589.03397617844,13.123430747610772
2025T2,2025,2,S122,Bancos y cooperativas,310432.01470169425,13.246765152890202
2025T3,2025,3,S122,Bancos y cooperativas,311370.84513700136,13.27054164980255
2003T1,2003,1,S123,FMM,1717.4375302070005,0.10232831634494392
2003T2,2003,2,S123,FMM,2237.2811855680006,0.1329800716775064
2003T3,2003,3,S123,FMM,2357.3343720430003,0.14006451484649643
2003T4,2003,4,S123,FMM,2662.6291180400003,0.15810793955081087
2004T1,2004,1,S123,FMM,3076.2658690110006,0.18269869974983802
2004T2,2004,2,S123,FMM,3005.652232337,0.17854860605729117
2004T3,2004,3,S123,FMM,3154.2813881700004,0.18719447063312777
2004T4,2004,4,S123,FMM,3118.9896322490004,0.1851564932685651
2005T1,2005,1,S123,FMM,3491.651019594,0.20682438990687313
2005T2,2005,2,S123,FMM,3279.851209367,0.1947141044328248
2005T3,2005,3,S123,FMM,3274.3637415950006,0.19440438527443055
2005T4,2005,4,S123,FMM,3620.927012941,0.21368488233370403
2006T1,2006,1,S123,FMM,4300.451756529001,0.25161397585233525
2006T2,2006,2,S123,FMM,4588.689616662001,0.26749362481236033
2006T3,2006,3,S123,FMM,4835.520574162001,0.28090751239547335
2006T4,2006,4,S123,FMM,5108.842575113,0.2958135080691559
2007T1,2007,1,S123,FMM,5495.477902113,0.31685721123745153
2007T2,2007,2,S123,FMM,6022.019466634,0.34512915916968157
2007T3,2007,3,S123,FMM,6282.467827185,0.3587090734168193
2007T4,2007,4,S123,FMM,6208.501735584,0.35493965114680087
2008T1,2008,1,S123,FMM,6536.779580971,0.3715004960736089
2008T2,2008,2,S123,FMM,7839.5757740320005,0.43582750184523156
2008T3,2008,3,S123,FMM,6935.476538326,0.39275123970606285
2008T4,2008,4,S123,FMM,7268.219626014999,0.4082618795822641
2009T1,2009,1,S123,FMM,9563.813033012,0.5177856676294136
2009T2,2009,2,S123,FMM,10635.755490630001,0.568993876364608
2009T3,2009,3,S123,FMM,10852.358809039002,0.5793902784010908
2009T4,2009,4,S123,FMM,10661.368687815999,0.5702707054854748
2010T1,2010,1,S123,FMM,11905.656449937,0.6295266798170465
2010T2,2010,2,S123,FMM,11082.350082361001,0.5906954301907821
2010T3,2010,3,S123,FMM,8751.873493296,0.4814884160794821
2010T4,2010,4,S123,FMM,9280.794186878002,0.5061403450014627
2011T1,2011,1,S123,FMM,9313.936208178,0.5076762436930161
2011T2,2011,2,S123,FMM,9144.154789391001,0.49992008691072987
2011T3,2011,3,S123,FMM,9807.459692678,0.5300529286164459
2011T4,2011,4,S123,FMM,10249.748657666001,0.5498918256210701
2012T1,2012,1,S123,FMM,10104.321878130002,0.5434380250575538
2012T2,2012,2,S123,FMM,11153.603943877,0.5898102958724876
2012T3,2012,3,S123,FMM,11551.643804117,0.6074296566476619
2012T4,2012,4,S123,FMM,11091.953225618003,0.5873037597966827
2013T1,2013,1,S123,FMM,12063.995876437999,0.629807870131987
2013T2,2013,2,S123,FMM,12871.305979538998,0.6651346001421347
2013T3,2013,3,S123,FMM,12735.788248944998,0.6592657527761225
2013T4,2013,4,S123,FMM,12474.948762811,0.6480755164038358
2014T1,2014,1,S123,FMM,13134.95488926,0.6760336205759935
2014T2,2014,2,S123,FMM,12529.100330286,0.6508144899385081
2014T3,2014,3,S123,FMM,13423.019897264001,0.6878021938123876
2014T4,2014,4,S123,FMM,13923.446887363001,0.708122369151709
2015T1,2015,1,S123,FMM,13812.955823053,0.7036350178327271
2015T2,2015,2,S123,FMM,14115.081224885998,0.7157282766712715
2015T3,2015,3,S123,FMM,14464.477655652,0.7295128644753769
2015T4,2015,4,S123,FMM,14304.221161533002,0.7232599505358261
2016T1,2016,1,S123,FMM,15382.954286697,0.7650517929181244
2016T2,2016,2,S123,FMM,15172.064536549,0.7569568603408665
2016T3,2016,3,S123,FMM,14998.334549889001,0.750332089168328
2016T4,2016,4,S123,FMM,15185.722457380001,0.7574441299202567
2017T1,2017,1,S123,FMM,16712.870978377,0.8151334613782836
2017T2,2017,2,S123,FMM,16785.728822698,0.8178657920893744
2017T3,2017,3,S123,FMM,17137.758825905,0.8310718083879235
2017T4,2017,4,S123,FMM,15698.733590937001,0.7773731100839366
2018T1,2018,1,S123,FMM,18064.780023126998,0.8651120533654941
2018T2,2018,2,S123,FMM,18154.18785452,0.8684040960976577
2018T3,2018,3,S123,FMM,18044.515756881003,0.8643952393643365
2018T4,2018,4,S123,FMM,17254.671377507,0.8357421741202785
2019T1,2019,1,S123,FMM,18615.319891375,0.8851022684499106
2019T2,2019,2,S123,FMM,19641.025282942,0.9218615546836895
2019T3,2019,3,S123,FMM,20039.100083447,0.9360539134456282
2019T4,2019,4,S123,FMM,22944.99292443,1.0386995863429567
2020T1,2020,1,S123,FMM,26689.642424091,1.1696430162720832
2020T2,2020,2,S123,FMM,28923.58806211,1.2474905539795393
2020T3,2020,3,S123,FMM,28366.638146804,1.2280899400253076
2020T4,2020,4,S123,FMM,26481.869676356,1.1632551593245724
2021T1,2021,1,S123,FMM,26465.546073778998,1.1626998359600078
2021T2,2021,2,S123,FMM,25985.4660894,1.1465408749568988
2021T3,2021,3,S123,FMM,26949.602885818,1.1785843786900023
2021T4,2021,4,S123,FMM,25513.379166424,1.1322422333508249
2022T1,2022,1,S123,FMM,24037.263450088,1.0857177813622494
2022T2,2022,2,S123,FMM,25854.735308994997,1.1406481527186774
2022T3,2022,3,S123,FMM,26259.541317321,1.1524644668810262
2022T4,2022,4,S123,FMM,25407.680045255,1.1282025046097937
2023T1,2023,1,S123,FMM,26570.126706249997,1.1608780064159534
2023T2,2023,2,S123,FMM,28613.46898351,1.2174967849979668
2023T3,2023,3,S123,FMM,33139.336887897,1.3425292914807847
2023T4,2023,4,S123,FMM,34280.577603799,1.3735502365557195
2024T1,2024,1,S123,FMM,38298.658284905,1.4818732180658594
2024T2,2024,2,S123,FMM,41389.76795114,1.5641451541966496
2024T3,2024,3,S123,FMM,42387.852068804,1.5904725891779556
2024T4,2024,4,S123,FMM,42717.499367701996,1.5990534247183938
2025T1,2025,1,S123,FMM,42946.148015223,1.6049321721051062
2025T2,2025,2,S123,FMM,45614.318117472,1.6728814767578088
2025T3,2025,3,S123,FMM,42717.975093825,1.599529688864055
2003T1,2003,1,S124,FNM,1999.099926338,0.11911031759205415
2003T2,2003,2,S124,FNM,1985.5713837219037,0.11831262856767477
2003T3,2003,3,S124,FNM,2297.125315528311,0.13669769762552533
2003T4,2003,4,S124,FNM,2228.804383897453,0.13265981750549827
2004T1,2004,1,S124,FNM,2716.5088776477996,0.16165391492466968
2004T2,2004,2,S124,FNM,3303.357472929165,0.19614408946419903
2004T3,2004,3,S124,FNM,3793.6675620809674,0.2246657789484343
2004T4,2004,4,S124,FNM,3094.896721964994,0.18431416940085124
2005T1,2005,1,S124,FNM,2916.5028117136367,0.17394169471070714
2005T2,2005,2,S124,FNM,3409.299470915158,0.20211881260893155
2005T3,2005,3,S124,FNM,3886.944755855254,0.22907767629784218
2005T4,2005,4,S124,FNM,2573.7931671127953,0.15602257369912437
2006T1,2006,1,S124,FNM,2883.5449855797297,0.17331201871353827
2006T2,2006,2,S124,FNM,2946.9288399880115,0.17680397274508855
2006T3,2006,3,S124,FNM,3301.4120911626296,0.19606816281878603
2006T4,2006,4,S124,FNM,3287.219254451051,0.19529413671812826
2007T1,2007,1,S124,FNM,3785.930694767004,0.22243789411369103
2007T2,2007,2,S124,FNM,3813.9600281272774,0.2239428918322618
2007T3,2007,3,S124,FNM,4142.91849318758,0.24109495889437793
2007T4,2007,4,S124,FNM,4312.144213310272,0.24971895381263534
2008T1,2008,1,S124,FNM,4677.872913592728,0.26816910625445056
2008T2,2008,2,S124,FNM,4808.576504493902,0.27462274089895855
2008T3,2008,3,S124,FNM,4961.989099585496,0.28193216103850244
2008T4,2008,4,S124,FNM,4078.595374870132,0.24075323820010297
2009T1,2009,1,S124,FNM,5094.902688502164,0.28924171463052334
2009T2,2009,2,S124,FNM,4899.36420409057,0.2799005644089311
2009T3,2009,3,S124,FNM,5631.951300885677,0.3150628603560335
2009T4,2009,4,S124,FNM,5504.631528061016,0.30898347811134413
2010T1,2010,1,S124,FNM,6228.974589777727,0.3434784359329768
2010T2,2010,2,S124,FNM,6748.469284421083,0.3679804062342742
2010T3,2010,3,S124,FNM,6754.356545924948,0.368256285534305
2010T4,2010,4,S124,FNM,6338.646611658518,0.348880882234626
2011T1,2011,1,S124,FNM,6457.346780820736,0.3543817970054285
2011T2,2011,2,S124,FNM,6611.48028054044,0.3614231069306818
2011T3,2011,3,S124,FNM,6699.458000890633,0.36541978886052295
2011T4,2011,4,S124,FNM,6463.622741853309,0.3548413847300304
2012T1,2012,1,S124,FNM,6861.49119037145,0.3724981301069442
2012T2,2012,2,S124,FNM,6833.359117293455,0.37125485324751406
2012T3,2012,3,S124,FNM,6828.259205686751,0.37102910404122647
2012T4,2012,4,S124,FNM,6862.46991751556,0.3725268968820399
2013T1,2013,1,S124,FNM,7166.566093292238,0.3858239856433739
2013T2,2013,2,S124,FNM,7324.649708957,0.39274149749930864
2013T3,2013,3,S124,FNM,7564.2028588097855,0.40311579218658733
2013T4,2013,4,S124,FNM,8388.127163842979,0.4384628474305815
2014T1,2014,1,S124,FNM,10147.216140802997,0.5129785085662553
2014T2,2014,2,S124,FNM,12405.69734863703,0.6069894090027023
2014T3,2014,3,S124,FNM,13490.232980792809,0.6518642325155833
2014T4,2014,4,S124,FNM,12932.814018419165,0.6292298597159584
2015T1,2015,1,S124,FNM,15109.32793786395,0.7176241807245847
2015T2,2015,2,S124,FNM,15607.868673569397,0.7375794116381933
2015T3,2015,3,S124,FNM,16915.57277380136,0.7891717016679352
2015T4,2015,4,S124,FNM,15383.467471181848,0.7293917679044066
2016T1,2016,1,S124,FNM,16082.340889260322,0.7564672391698999
2016T2,2016,2,S124,FNM,17483.34758782552,0.8102444130591608
2016T3,2016,3,S124,FNM,20247.549793452126,0.9156505518551097
2016T4,2016,4,S124,FNM,18997.894777936803,0.868221678160985
2017T1,2017,1,S124,FNM,20579.89733676335,0.927983167452157
2017T2,2017,2,S124,FNM,22093.24067995775,0.9847368983862885
2017T3,2017,3,S124,FNM,21816.392743593144,0.9743512541896464
2017T4,2017,4,S124,FNM,20615.233500355003,0.9295287686276581
2018T1,2018,1,S124,FNM,21356.2707301165,0.9570082899874255
2018T2,2018,2,S124,FNM,22718.736564373678,1.0071749887833275
2018T3,2018,3,S124,FNM,23751.342131860107,1.0449199382390124
2018T4,2018,4,S124,FNM,22770.333376799346,1.0093320318136656
2019T1,2019,1,S124,FNM,24555.56845679423,1.0740948056314341
2019T2,2019,2,S124,FNM,27112.942951584228,1.1657461334238457
2019T3,2019,3,S124,FNM,29876.407383553622,1.264270527820607
2019T4,2019,4,S124,FNM,25780.366998318746,1.1195849373447926
2020T1,2020,1,S124,FNM,22266.83551061522,0.9967232745361541
2020T2,2020,2,S124,FNM,23793.3806207847,1.0499196352727713
2020T3,2020,3,S124,FNM,25221.934903590936,1.0996814350176578
2020T4,2020,4,S124,FNM,27252.193760550617,1.1695209881620383
2021T1,2021,1,S124,FNM,30225.41789724008,1.2706690541849892
2021T2,2021,2,S124,FNM,29422.090796179396,1.2436299529494494
2021T3,2021,3,S124,FNM,28997.459248510822,1.2295171396708116
2021T4,2021,4,S124,FNM,28630.414778603652,1.2176738398139086
2022T1,2022,1,S124,FNM,26869.063564110184,1.162159289628693
2022T2,2022,2,S124,FNM,27235.343337885686,1.1732295485134367
2022T3,2022,3,S124,FNM,26960.160679333043,1.1651969485060036
2022T4,2022,4,S124,FNM,26519.693784154973,1.1526519584436907
2023T1,2023,1,S124,FNM,25297.644477541704,1.1183010710737025
2023T2,2023,2,S124,FNM,25992.90337560349,1.1375659343541318
2023T3,2023,3,S124,FNM,26948.345419649486,1.163961161985575
2023T4,2023,4,S124,FNM,27425.043683605873,1.176918665566947
2024T1,2024,1,S124,FNM,30932.46640774278,1.271474877113786
2024T2,2024,2,S124,FNM,32567.161986532643,1.3149833853108748
2024T3,2024,3,S124,FNM,37382.55148099193,1.4420035949118046
2024T4,2024,4,S124,FNM,39130.06625982497,1.4874920213960499
2025T1,2025,1,S124,FNM,41295.70975231133,1.543172521412283
2025T2,2025,2,S124,FNM,45390.003598465366,1.6474403938599607
2025T3,2025,3,S124,FNM,50309.17670418647,1.7720216811306808
2003T1,2003,1,S125_S126,Otros intermediarios,4199.880172754447,0.25023714654510637
2003T2,2003,2,S125_S126,Otros intermediarios,4688.204831120077,0.2790304342898343
2003T3,2003,3,S125_S126,Otros intermediarios,4719.222512985866,0.2808608147309045
2003T4,2003,4,S125_S126,Otros intermediarios,4791.066411623252,0.2851069080309865
2004T1,2004,1,S125_S126,Otros intermediarios,4984.317228726861,0.29659569496905536
2004T2,2004,2,S125_S126,Otros intermediarios,5066.381738744929,0.3014187776121468
2004T3,2004,3,S125_S126,Otros intermediarios,4960.30109919762,0.2952479907399217
2004T4,2004,4,S125_S126,Otros intermediarios,5216.532583492508,0.3100444765325301
2005T1,2005,1,S125_S126,Otros intermediarios,5042.563111001344,0.29992925484290067
2005T2,2005,2,S125_S126,Otros intermediarios,5226.024750221204,0.3104192209203402
2005T3,2005,3,S125_S126,Otros intermediarios,5223.803663392142,0.3102938601579631
2005T4,2005,4,S125_S126,Otros intermediarios,5568.201977698547,0.3294539132715374
2006T1,2006,1,S125_S126,Otros intermediarios,5404.4706196446505,0.3203149053838069
2006T2,2006,2,S125_S126,Otros intermediarios,5506.525375250426,0.3259373232472101
2006T3,2006,3,S125_S126,Otros intermediarios,5625.975647907128,0.33242878017553806
2006T4,2006,4,S125_S126,Otros intermediarios,6142.536829620944,0.36060016306102666
2007T1,2007,1,S125_S126,Otros intermediarios,6417.637033596075,0.3755732569035099
2007T2,2007,2,S125_S126,Otros intermediarios,6370.342615150403,0.37303384610315365
2007T3,2007,3,S125_S126,Otros intermediarios,6415.100953893243,0.3753675693820648
2007T4,2007,4,S125_S126,Otros intermediarios,6617.216021445574,0.38566765446494
2008T1,2008,1,S125_S126,Otros intermediarios,6689.13550671541,0.3892958232844517
2008T2,2008,2,S125_S126,Otros intermediarios,7026.001675609241,0.4059289636836294
2008T3,2008,3,S125_S126,Otros intermediarios,7174.5261119635325,0.41300548504521833
2008T4,2008,4,S125_S126,Otros intermediarios,7708.390060995778,0.4378912655849041
2009T1,2009,1,S125_S126,Otros intermediarios,7838.4777262546795,0.4440978062701741
2009T2,2009,2,S125_S126,Otros intermediarios,8132.292699324271,0.45813376348368606
2009T3,2009,3,S125_S126,Otros intermediarios,7670.90803332864,0.435988486502742
2009T4,2009,4,S125_S126,Otros intermediarios,7757.505867551703,0.4401234399677413
2010T1,2010,1,S125_S126,Otros intermediarios,7890.078982095664,0.44643689037014866
2010T2,2010,2,S125_S126,Otros intermediarios,7611.030878270341,0.43327558492649
2010T3,2010,3,S125_S126,Otros intermediarios,7584.120507368453,0.4320145547712796
2010T4,2010,4,S125_S126,Otros intermediarios,7963.037054322835,0.44967509234567793
2011T1,2011,1,S125_S126,Otros intermediarios,8281.619712864891,0.4644391492502688
2011T2,2011,2,S125_S126,Otros intermediarios,8598.207466647153,0.4789018877008622
2011T3,2011,3,S125_S126,Otros intermediarios,8480.724472816995,0.47356483012951783
2011T4,2011,4,S125_S126,Otros intermediarios,9277.620181976165,0.5093096330726901
2012T1,2012,1,S125_S126,Otros intermediarios,9580.561526879932,0.5227536701935721
2012T2,2012,2,S125_S126,Otros intermediarios,9321.329189382344,0.5112970823504659
2012T3,2012,3,S125_S126,Otros intermediarios,8868.81015162525,0.4912661834875492
2012T4,2012,4,S125_S126,Otros intermediarios,9487.642865184676,0.5183595457265048
2013T1,2013,1,S125_S126,Otros intermediarios,9824.737214116123,0.5330995320720658
2013T2,2013,2,S125_S126,Otros intermediarios,10198.341471512776,0.5494479175078445
2013T3,2013,3,S125_S126,Otros intermediarios,10172.577257688681,0.5483321503106212
2013T4,2013,4,S125_S126,Otros intermediarios,10974.112735172544,0.5827187057618552
2014T1,2014,1,S125_S126,Otros intermediarios,11118.015145294175,0.5888144651973791
2014T2,2014,2,S125_S126,Otros intermediarios,10855.913267057216,0.5779042864924733
2014T3,2014,3,S125_S126,Otros intermediarios,11335.484641683253,0.5977475080152146
2014T4,2014,4,S125_S126,Otros intermediarios,11633.88830979081,0.6098643901534913
2015T1,2015,1,S125_S126,Otros intermediarios,12155.918681586723,0.6310655043979395
2015T2,2015,2,S125_S126,Otros intermediarios,11765.640345544014,0.6154437231501325
2015T3,2015,3,S125_S126,Otros intermediarios,11729.061655182097,0.6140005997388613
2015T4,2015,4,S125_S126,Otros intermediarios,12118.17050592257,0.6291829121323357
2016T1,2016,1,S125_S126,Otros intermediarios,12628.77111024004,0.6489643942043708
2016T2,2016,2,S125_S126,Otros intermediarios,11613.985251992375,0.6100121781905314
2016T3,2016,3,S125_S126,Otros intermediarios,11805.537644497455,0.6173165635318019
2016T4,2016,4,S125_S126,Otros intermediarios,12312.479973242327,0.6365568365525371
2017T1,2017,1,S125_S126,Otros intermediarios,12371.42607655158,0.6387835756320777
2017T2,2017,2,S125_S126,Otros intermediarios,12447.535900708024,0.6416378627976731
2017T3,2017,3,S125_S126,Otros intermediarios,12629.339343469972,0.6484580179161981
2017T4,2017,4,S125_S126,Otros intermediarios,12775.53665566847,0.6539135201338332
2018T1,2018,1,S125_S126,Otros intermediarios,13717.315631202255,0.6888370495261282
2018T2,2018,2,S125_S126,Otros intermediarios,13352.371308517206,0.6753996102501577
2018T3,2018,3,S125_S126,Otros intermediarios,14531.71398738311,0.7185082581272773
2018T4,2018,4,S125_S126,Otros intermediarios,15500.692859308294,0.7536597582992363
2019T1,2019,1,S125_S126,Otros intermediarios,15790.888985893711,0.7641871708061077
2019T2,2019,2,S125_S126,Otros intermediarios,15273.592047075563,0.7456482546629222
2019T3,2019,3,S125_S126,Otros intermediarios,16224.942715992884,0.7795662770661397
2019T4,2019,4,S125_S126,Otros intermediarios,16860.270439000706,0.802008137522496
2020T1,2020,1,S125_S126,Otros intermediarios,16761.462264016332,0.7985529993744097
2020T2,2020,2,S125_S126,Otros intermediarios,16588.859318090133,0.7925382091697014
2020T3,2020,3,S125_S126,Otros intermediarios,16715.45694351846,0.796948070076329
2020T4,2020,4,S125_S126,Otros intermediarios,16150.733843740836,0.7775219713778406
2021T1,2021,1,S125_S126,Otros intermediarios,15776.363585769934,0.7647860235214395
2021T2,2021,2,S125_S126,Otros intermediarios,16112.939914619965,0.7761148102849461
2021T3,2021,3,S125_S126,Otros intermediarios,15610.604410069041,0.7594194723669757
2021T4,2021,4,S125_S126,Otros intermediarios,15663.895800661372,0.7611390076558084
2022T1,2022,1,S125_S126,Otros intermediarios,15880.611697064991,0.7679694940504783
2022T2,2022,2,S125_S126,Otros intermediarios,15024.422097463937,0.7420924426798557
2022T3,2022,3,S125_S126,Otros intermediarios,14924.578242830912,0.7391779939581026
2022T4,2022,4,S125_S126,Otros intermediarios,15351.90842421231,0.7513488357113489
2023T1,2023,1,S125_S126,Otros intermediarios,15184.991322901818,0.7466569214684352
2023T2,2023,2,S125_S126,Otros intermediarios,14251.626605208374,0.7207944064725572
2023T3,2023,3,S125_S126,Otros intermediarios,14940.769684654608,0.7398328071437142
2023T4,2023,4,S125_S126,Otros intermediarios,14627.454206361912,0.7313163372107583
2024T1,2024,1,S125_S126,Otros intermediarios,15288.486533177478,0.7491370327612363
2024T2,2024,2,S125_S126,Otros intermediarios,14463.991482935953,0.7271925495697859
2024T3,2024,3,S125_S126,Otros intermediarios,15413.304407470263,0.7522334993807959
2024T4,2024,4,S125_S126,Otros intermediarios,15231.655365812538,0.747505110712805
2025T1,2025,1,S125_S126,Otros intermediarios,15667.912985190142,0.7587216578809393
2025T2,2025,2,S125_S126,Otros intermediarios,15799.578032980786,0.7620747231285028
2025T3,2025,3,S125_S126,Otros intermediarios,16680.873799293535,0.7843941167895606
2003T1,2003,1,S128,Compañías de seguros,8515.341171396001,0.5073608267234683
2003T2,2003,2,S128,Compañías de seguros,8688.64726132184,0.5175795450078358
2003T3,2003,3,S128,Compañías de seguros,8884.118149605749,0.5291144524925924
2003T4,2003,4,S128,Compañías de seguros,9026.58137605989,0.5375342649307804
2004T1,2004,1,S128,Compañías de seguros,9302.13547008418,0.5539159926957935
2004T2,2004,2,S128,Compañías de seguros,9424.304227610384,0.5610960759476518
2004T3,2004,3,S128,Compañías de seguros,9647.296034885756,0.5740676692828797
2004T4,2004,4,S128,Compañías de seguros,9768.99589942595,0.5810954173427512
2005T1,2005,1,S128,Compañías de seguros,9956.630557922272,0.5920051829480044
2005T2,2005,2,S128,Compañías de seguros,10069.914191668426,0.5984825123787207
2005T3,2005,3,S128,Compañías de seguros,10274.37889050662,0.6100227413288807
2005T4,2005,4,S128,Compañías de seguros,10440.821721749184,0.61928252383799
2006T1,2006,1,S128,Compañías de seguros,10637.712849231508,0.6302724135480159
2006T2,2006,2,S128,Compañías de seguros,10769.546063439988,0.6375353912912468
2006T3,2006,3,S128,Compañías de seguros,10909.20983119103,0.6451253390798928
2006T4,2006,4,S128,Compañías de seguros,11001.550187096043,0.6501612488889723
2007T1,2007,1,S128,Compañías de seguros,11181.90448337442,0.6599775331521252
2007T2,2007,2,S128,Compañías de seguros,11370.669235202404,0.6701130050592213
2007T3,2007,3,S128,Compañías de seguros,11584.91687498553,0.6812839894714531
2007T4,2007,4,S128,Compañías de seguros,11830.67141010801,0.6938080068637169
2008T1,2008,1,S128,Compañías de seguros,12185.896007892003,0.7117282520485642
2008T2,2008,2,S128,Compañías de seguros,12560.747866123787,0.7302369779539757
2008T3,2008,3,S128,Compañías de seguros,12977.12757537943,0.7500755983144064
2008T4,2008,4,S128,Compañías de seguros,13298.361987239387,0.7650497674633688
2009T1,2009,1,S128,Compañías de seguros,13383.40981138995,0.7691074371873478
2009T2,2009,2,S128,Compañías de seguros,13511.155144536397,0.775210012599135
2009T3,2009,3,S128,Compañías de seguros,13716.027103165328,0.7850433395469992
2009T4,2009,4,S128,Compañías de seguros,14009.23403614214,0.7990436553095309
2010T1,2010,1,S128,Compañías de seguros,14333.305595039705,0.8144767219683986
2010T2,2010,2,S128,Compañías de seguros,14680.388385852977,0.8308468838204585
2010T3,2010,3,S128,Compañías de seguros,14841.264802299394,0.8383856135221321
2010T4,2010,4,S128,Compañías de seguros,15129.66634709313,0.8518274290334444
2011T1,2011,1,S128,Compañías de seguros,15364.940565926405,0.8627307279478738
2011T2,2011,2,S128,Compañías de seguros,15590.45754387971,0.8730330628592554
2011T3,2011,3,S128,Compañías de seguros,15999.671391002932,0.8916229692779267
2011T4,2011,4,S128,Compañías de seguros,16560.25937975014,0.9167681758084287
2012T1,2012,1,S128,Compañías de seguros,16873.158465911103,0.9306541210589007
2012T2,2012,2,S128,Compañías de seguros,17188.5075289317,0.9445907474713766
2012T3,2012,3,S128,Compañías de seguros,17779.441178577777,0.9707486130706328
2012T4,2012,4,S128,Compañías de seguros,17969.218678261008,0.9790573375951439
2013T1,2013,1,S128,Compañías de seguros,18346.432908568062,0.9955516295395279
2013T2,2013,2,S128,Compañías de seguros,18797.435161022477,1.015286840018409
2013T3,2013,3,S128,Compañías de seguros,19118.921536293943,1.0292094054159457
2013T4,2013,4,S128,Compañías de seguros,19356.005907563922,1.0393805271046426
2014T1,2014,1,S128,Compañías de seguros,19764.07492022203,1.056666481746772
2014T2,2014,2,S128,Compañías de seguros,20174.43643433212,1.0737480741514975
2014T3,2014,3,S128,Compañías de seguros,20695.761199054254,1.0953189254137081
2014T4,2014,4,S128,Compañías de seguros,21044.151558290145,1.1094655508481237
2015T1,2015,1,S128,Compañías de seguros,21419.90921453569,1.1247261207856183
2015T2,2015,2,S128,Compañías de seguros,22105.573571381457,1.1521714017629632
2015T3,2015,3,S128,Compañías de seguros,23001.421552242555,1.1875149086334744
2015T4,2015,4,S128,Compañías de seguros,23667.333473160135,1.21349756821747
2016T1,2016,1,S128,Compañías de seguros,24015.981808546007,1.2270047609970387
2016T2,2016,2,S128,Compañías de seguros,24481.59615036461,1.2448772118932097
2016T3,2016,3,S128,Compañías de seguros,24869.701662251977,1.2596766731519415
2016T4,2016,4,S128,Compañías de seguros,25488.33953977658,1.2831561914119602
2017T1,2017,1,S128,Compañías de seguros,25954.104370119123,1.300750853168618
2017T2,2017,2,S128,Compañías de seguros,26582.43695439648,1.3243147182925443
2017T3,2017,3,S128,Compañías de seguros,26904.74133769112,1.3364056108304172
2017T4,2017,4,S128,Compañías de seguros,27423.198150579916,1.3557523570183538
2018T1,2018,1,S128,Compañías de seguros,28156.784000260992,1.382955562492959
2018T2,2018,2,S128,Compañías de seguros,28607.784877130754,1.3995616487358105
2018T3,2018,3,S128,Compañías de seguros,29296.834860256546,1.424748571607854
2018T4,2018,4,S128,Compañías de seguros,30087.79340767696,1.453442055357836
2019T1,2019,1,S128,Compañías de seguros,30533.643042388583,1.4696160928126938
2019T2,2019,2,S128,Compañías de seguros,30735.776094141955,1.4768601482381587
2019T3,2019,3,S128,Compañías de seguros,31750.951348872564,1.5130536761959736
2019T4,2019,4,S128,Compañías de seguros,31778.08824330174,1.5140122403762286
2020T1,2020,1,S128,Compañías de seguros,33221.299914657735,1.5644786689106507
2020T2,2020,2,S128,Compañías de seguros,32459.740634487523,1.5379401919797233
2020T3,2020,3,S128,Compañías de seguros,32127.784816182295,1.5263769499290218
2020T4,2020,4,S128,Compañías de seguros,32011.546481915095,1.5223784286096147
2021T1,2021,1,S128,Compañías de seguros,32164.252689794597,1.5275734414598428
2021T2,2021,2,S128,Compañías de seguros,31241.137031525534,1.4965023899503236
2021T3,2021,3,S128,Compañías de seguros,31833.811189076252,1.5162001721017233
2021T4,2021,4,S128,Compañías de seguros,32298.957692795615,1.5312088971271454
2022T1,2022,1,S128,Compañías de seguros,32698.482633762243,1.5438011883198564
2022T2,2022,2,S128,Compañías de seguros,33919.244397551054,1.580696888626861
2022T3,2022,3,S128,Compañías de seguros,34382.280730488295,1.5942129498167485
2022T4,2022,4,S128,Compañías de seguros,35169.75778660293,1.6166411775709904
2023T1,2023,1,S128,Compañías de seguros,35991.34399705925,1.6397353483441275
2023T2,2023,2,S128,Compañías de seguros,36670.34078446951,1.6585496063331666
2023T3,2023,3,S128,Compañías de seguros,36504.86587615647,1.653978164350439
2023T4,2023,4,S128,Compañías de seguros,37127.28338927588,1.6708965753562137
2024T1,2024,1,S128,Compañías de seguros,37473.12876352978,1.6802201815886202
2024T2,2024,2,S128,Compañías de seguros,38048.63578637361,1.6955376831135336
2024T3,2024,3,S128,Compañías de seguros,38534.57349366451,1.708355734385213
2024T4,2024,4,S128,Compañías de seguros,39514.96437601128,1.73387565508496
2025T1,2025,1,S128,Compañías de seguros,40374.214354463904,1.7559676885175963
2025T2,2025,2,S128,Compañías de seguros,41094.04908998097,1.7742994544353756
2025T3,2025,3,S128,Compañías de seguros,41547.688131575575,1.7857881608792257
2003T1,2003,1,S129,Fondos de pensiones,23570.496509992994,1.4043766837861362
2003T2,2003,2,S129,Fondos de pensiones,23974.250749999064,1.4281834111579583
2003T3,2003,3,S129,Fondos de pensiones,24310.95249999687,1.4480524748854393
2003T4,2003,4,S129,Fondos de pensiones,24823.27830999878,1.4783317780770417
2004T1,2004,1,S129,Fondos de pensiones,25511.399559997953,1.5192406784754273
2004T2,2004,2,S129,Fondos de pensiones,25979.447349995913,1.5467487105294713
2004T3,2004,3,S129,Fondos de pensiones,26460.300079996177,1.574720258650049
2004T4,2004,4,S129,Fondos de pensiones,27105.92800999599,1.6120030481551793
2005T1,2005,1,S129,Fondos de pensiones,27695.015799998528,1.6462547677540424
2005T2,2005,2,S129,Fondos de pensiones,28569.610939995648,1.6962623518412459
2005T3,2005,3,S129,Fondos de pensiones,29404.69216999528,1.7433953221825136
2005T4,2005,4,S129,Fondos de pensiones,30548.387299998576,1.8070229838937248
2006T1,2006,1,S129,Fondos de pensiones,31252.300959998804,1.846313395745715
2006T2,2006,2,S129,Fondos de pensiones,32053.248569997166,1.8904393369953356
2006T3,2006,3,S129,Fondos de pensiones,32587.76729999668,1.919487452466353
2006T4,2006,4,S129,Fondos de pensiones,33261.67854999959,1.956240140292571
2007T1,2007,1,S129,Fondos de pensiones,34026.68199999843,1.9978775810546712
2007T2,2007,2,S129,Fondos de pensiones,35085.52176999365,2.0547305720870352
2007T3,2007,3,S129,Fondos de pensiones,36089.553719989766,2.1070813250481537
2007T4,2007,4,S129,Fondos de pensiones,37324.34190999305,2.1700079715885963
2008T1,2008,1,S129,Fondos de pensiones,37893.67897999466,2.1987296872324427
2008T2,2008,2,S129,Fondos de pensiones,39622.133249990366,2.2840740322606243
2008T3,2008,3,S129,Fondos de pensiones,39849.23379827117,2.2948943519372067
2008T4,2008,4,S129,Fondos de pensiones,39820.72708949104,2.2935655270560793
2009T1,2009,1,S129,Fondos de pensiones,40559.82290786826,2.32882811907771
2009T2,2009,2,S129,Fondos de pensiones,41179.096273613046,2.358411684456465
2009T3,2009,3,S129,Fondos de pensiones,42055.92169113355,2.400497048721925
2009T4,2009,4,S129,Fondos de pensiones,43655.076377602665,2.476854965420541
2010T1,2010,1,S129,Fondos de pensiones,44877.0644915152,2.5350489768990894
2010T2,2010,2,S129,Fondos de pensiones,45916.32579894122,2.58406574252231
2010T3,2010,3,S129,Fondos de pensiones,46897.32274265983,2.6300356302176002
2010T4,2010,4,S129,Fondos de pensiones,48455.49603710093,2.702658951197072
2011T1,2011,1,S129,Fondos de pensiones,48921.73694788268,2.7242659255676536
2011T2,2011,2,S129,Fondos de pensiones,49819.55576159869,2.7652811528582433
2011T3,2011,3,S129,Fondos de pensiones,51622.98254065398,2.847207840557715
2011T4,2011,4,S129,Fondos de pensiones,51650.015725259815,2.8484204156105806
2012T1,2012,1,S129,Fondos de pensiones,53360.52450570341,2.9243299734399466
2012T2,2012,2,S129,Fondos de pensiones,54329.171473532464,2.9671386337445096
2012T3,2012,3,S129,Fondos de pensiones,55154.085993888395,3.003653736865256
2012T4,2012,4,S129,Fondos de pensiones,55242.65139085316,3.0075312538892045
2013T1,2013,1,S129,Fondos de pensiones,56082.87541953532,3.0442713853961436
2013T2,2013,2,S129,Fondos de pensiones,58157.44972629387,3.135051775904498
2013T3,2013,3,S129,Fondos de pensiones,59182.4304471591,3.179440472331867
2013T4,2013,4,S129,Fondos de pensiones,60345.30457638926,3.229328764055527
2014T1,2014,1,S129,Fondos de pensiones,62161.15646372014,3.306248923115791
2014T2,2014,2,S129,Fondos de pensiones,63665.11755668254,3.3688523825027192
2014T3,2014,3,S129,Fondos de pensiones,64919.436040109555,3.4207523099037647
2014T4,2014,4,S129,Fondos de pensiones,66807.36094434609,3.497412773548958
2015T1,2015,1,S129,Fondos de pensiones,68117.14491042629,3.550606765700949
2015T2,2015,2,S129,Fondos de pensiones,70439.89176515801,3.6435800104538414
2015T3,2015,3,S129,Fondos de pensiones,71992.67207662037,3.7048411873265206
2015T4,2015,4,S129,Fondos de pensiones,73830.90691409705,3.7765657330468994
2016T1,2016,1,S129,Fondos de pensiones,76874.55188678014,3.894481395409365
2016T2,2016,2,S129,Fondos de pensiones,80365.50368248191,4.028480413364628
2016T3,2016,3,S129,Fondos de pensiones,82358.62262708254,4.104483164423784
2016T4,2016,4,S129,Fondos de pensiones,82885.10292986962,4.124464973381704
2017T1,2017,1,S129,Fondos de pensiones,84044.64242871286,4.168267562041365
2017T2,2017,2,S129,Fondos de pensiones,86602.27816716763,4.264184573326712
2017T3,2017,3,S129,Fondos de pensiones,88686.01023409276,4.34235347764434
2017T4,2017,4,S129,Fondos de pensiones,90122.36652230553,4.395952581470679
2018T1,2018,1,S129,Fondos de pensiones,92586.76540299512,4.487338680523614
2018T2,2018,2,S129,Fondos de pensiones,94310.14728482213,4.550794495416079
2018T3,2018,3,S129,Fondos de pensiones,95234.72548756223,4.584590708248053
2018T4,2018,4,S129,Fondos de pensiones,96072.85295794572,4.61499533189147
2019T1,2019,1,S129,Fondos de pensiones,98419.30222496219,4.7001172101569875
2019T2,2019,2,S129,Fondos de pensiones,99716.10588994413,4.746592131223024
2019T3,2019,3,S129,Fondos de pensiones,101546.188377802,4.811839133039443
2019T4,2019,4,S129,Fondos de pensiones,102674.38459214456,4.851690726308187
2020T1,2020,1,S129,Fondos de pensiones,104530.51537369678,4.916596168314303
2020T2,2020,2,S129,Fondos de pensiones,104523.20456102895,4.916341404386683
2020T3,2020,3,S129,Fondos de pensiones,96086.08887722768,4.622445634281947
2020T4,2020,4,S129,Fondos de pensiones,88733.83763470019,4.369533085902637
2021T1,2021,1,S129,Fondos de pensiones,87804.50717527096,4.3379175822117
2021T2,2021,2,S129,Fondos de pensiones,80796.91286518757,4.102049712550938
2021T3,2021,3,S129,Fondos de pensiones,81265.33973733851,4.117618082394534
2021T4,2021,4,S129,Fondos de pensiones,80726.85593769072,4.10024300762791
2022T1,2022,1,S129,Fondos de pensiones,80529.640578108,4.0940271422816
2022T2,2022,2,S129,Fondos de pensiones,82090.5185909522,4.141202348030962
2022T3,2022,3,S129,Fondos de pensiones,82963.51761841614,4.16668524739453
2022T4,2022,4,S129,Fondos de pensiones,84080.56235561866,4.198499931496271
2023T1,2023,1,S129,Fondos de pensiones,85962.63665849995,4.2514036253573595
2023T2,2023,2,S129,Fondos de pensiones,88148.04483153806,4.311958894456225
2023T3,2023,3,S129,Fondos de pensiones,88298.27255108113,4.316109114638183
2023T4,2023,4,S129,Fondos de pensiones,86104.01183410261,4.256465219855058
2024T1,2024,1,S129,Fondos de pensiones,85387.28973951962,4.237143190169469
2024T2,2024,2,S129,Fondos de pensiones,85275.44599670143,4.234166394694926
2024T3,2024,3,S129,Fondos de pensiones,84735.87345381267,4.219933565227756
2024T4,2024,4,S129,Fondos de pensiones,87097.00523707888,4.281394658915583
2025T1,2025,1,S129,Fondos de pensiones,86885.5888482986,4.275958967270235
2025T2,2025,2,S129,Fondos de pensiones,87896.47602027896,4.301702858321448
2025T3,2025,3,S129,Fondos de pensiones,87704.535541491,4.2968418397289225
2003T1,2003,1,S14_S15,Hogares,12360.032209235658,0.7364351038654199
2003T2,2003,2,S14_S15,Hogares,12325.97495395727,0.7344269719101172
2003T3,2003,3,S14_S15,Hogares,12679.086632581248,0.7552643998282772
2003T4,2003,4,S14_S15,Hogares,13294.709406658985,0.7916487245373633
2004T1,2004,1,S14_S15,Hogares,13103.485813569987,0.7802804563382507
2004T2,2004,2,S14_S15,Hogares,14056.237787108616,0.8362754474218935
2004T3,2004,3,S14_S15,Hogares,14834.151947683418,0.8815272719798719
2004T4,2004,4,S14_S15,Hogares,14629.947198065393,0.8697351509420492
2005T1,2005,1,S14_S15,Hogares,15015.588923501446,0.8921577719323783
2005T2,2005,2,S14_S15,Hogares,15402.270566756175,0.9142674474904915
2005T3,2005,3,S14_S15,Hogares,15404.804708382977,0.9144104774351793
2005T4,2005,4,S14_S15,Hogares,15137.877167615103,0.8995603877392172
2006T1,2006,1,S14_S15,Hogares,15722.713544818102,0.9322042522244217
2006T2,2006,2,S14_S15,Hogares,16116.311458804954,0.9538884150981864
2006T3,2006,3,S14_S15,Hogares,16682.209490997524,0.9846418208468798
2006T4,2006,4,S14_S15,Hogares,17436.46167538862,1.0257760133314973
2007T1,2007,1,S14_S15,Hogares,17529.739074620873,1.0308528952527252
2007T2,2007,2,S14_S15,Hogares,18285.858046181904,1.0714516962495497
2007T3,2007,3,S14_S15,Hogares,18727.72424416041,1.0944908317793811
2007T4,2007,4,S14_S15,Hogares,19248.675160217914,1.1210392669078246
2008T1,2008,1,S14_S15,Hogares,20104.79714001225,1.164228606502434
2008T2,2008,2,S14_S15,Hogares,21189.3782802558,1.217781002218541
2008T3,2008,3,S14_S15,Hogares,21083.433882821606,1.212733228195717
2008T4,2008,4,S14_S15,Hogares,21102.73051576599,1.2136327303506749
2009T1,2009,1,S14_S15,Hogares,21722.15484739448,1.2431857422219161
2009T2,2009,2,S14_S15,Hogares,22162.645449895095,1.2642286019001
2009T3,2009,3,S14_S15,Hogares,22372.970160300738,1.2743236469051586
2009T4,2009,4,S14_S15,Hogares,22576.559999381407,1.284044842799929
2010T1,2010,1,S14_S15,Hogares,23893.742385424088,1.3467722343514614
2010T2,2010,2,S14_S15,Hogares,24299.268756365254,1.365898888000956
2010T3,2010,3,S14_S15,Hogares,24169.668778877065,1.3598257840544126
2010T4,2010,4,S14_S15,Hogares,24763.88069127846,1.3875208052681034
2011T1,2011,1,S14_S15,Hogares,26004.904298380086,1.4450334873426367
2011T2,2011,2,S14_S15,Hogares,26580.190978432627,1.47131441794816
2011T3,2011,3,S14_S15,Hogares,27754.038199468883,1.5246403504460175
2011T4,2011,4,S14_S15,Hogares,27649.996692705037,1.5199735626663362
2012T1,2012,1,S14_S15,Hogares,28680.692781196096,1.5657141547219484
2012T2,2012,2,S14_S15,Hogares,29811.407397954972,1.6156852789166791
2012T3,2012,3,S14_S15,Hogares,30484.267144527483,1.6454696292046251
2012T4,2012,4,S14_S15,Hogares,31109.22908628614,1.6728313376318293
2013T1,2013,1,S14_S15,Hogares,32568.067674756512,1.7366213742865335
2013T2,2013,2,S14_S15,Hogares,33475.91117369624,1.7763473012324762
2013T3,2013,3,S14_S15,Hogares,33683.53494095542,1.7853388346226795
2013T4,2013,4,S14_S15,Hogares,34307.81467222439,1.8121209674157899
2014T1,2014,1,S14_S15,Hogares,36527.47201984384,1.9061464754593653
2014T2,2014,2,S14_S15,Hogares,37124.478352289676,1.9309972923201886
2014T3,2014,3,S14_S15,Hogares,38074.41304155169,1.970302733529771
2014T4,2014,4,S14_S15,Hogares,39425.423481263824,2.0251614233353967
2015T1,2015,1,S14_S15,Hogares,40207.39451135516,2.0569194551291807
2015T2,2015,2,S14_S15,Hogares,40848.089789453756,2.0825647460834387
2015T3,2015,3,S14_S15,Hogares,42485.18296816187,2.1471522824126734
2015T4,2015,4,S14_S15,Hogares,43468.95888901973,2.185537411219738
2016T1,2016,1,S14_S15,Hogares,45242.075450394,2.2542307758062115
2016T2,2016,2,S14_S15,Hogares,46235.7773489263,2.292373691072918
2016T3,2016,3,S14_S15,Hogares,46568.60835366812,2.305065393224808
2016T4,2016,4,S14_S15,Hogares,47369.08157226955,2.335446212498294
2017T1,2017,1,S14_S15,Hogares,47720.67534789605,2.348727965767095
2017T2,2017,2,S14_S15,Hogares,48051.62676087294,2.361139377578452
2017T3,2017,3,S14_S15,Hogares,48445.65278959231,2.375920828335252
2017T4,2017,4,S14_S15,Hogares,50569.41001793185,2.455171001233056
2018T1,2018,1,S14_S15,Hogares,52284.92174616945,2.5187864840802656
2018T2,2018,2,S14_S15,Hogares,53713.8060592359,2.571398745720482
2018T3,2018,3,S14_S15,Hogares,54520.867242057124,2.600899345477448
2018T4,2018,4,S14_S15,Hogares,55059.36344660178,2.6204342909495226
2019T1,2019,1,S14_S15,Hogares,56526.909908743975,2.673672310222062
2019T2,2019,2,S14_S15,Hogares,57859.25438199792,2.7214209447295916
2019T3,2019,3,S14_S15,Hogares,58221.44102811608,2.7343338013434018
2019T4,2019,4,S14_S15,Hogares,60232.22446559962,2.805361272171088
2020T1,2020,1,S14_S15,Hogares,61382.59371368107,2.84558754569613
2020T2,2020,2,S14_S15,Hogares,65582.00947702555,2.991926906610993
2020T3,2020,3,S14_S15,Hogares,75591.91625684753,3.3406087751529414
2020T4,2020,4,S14_S15,Hogares,80371.41269614057,3.505020270973355
2021T1,2021,1,S14_S15,Hogares,82945.9852028878,3.5926063451881634
2021T2,2021,2,S14_S15,Hogares,91391.77080545116,3.8768821422076463
2021T3,2021,3,S14_S15,Hogares,93843.73680877466,3.9583742936044657
2021T4,2021,4,S14_S15,Hogares,94622.17840221155,3.983492005402412
2022T1,2022,1,S14_S15,Hogares,91850.08679907583,3.8961207774758173
2022T2,2022,2,S14_S15,Hogares,93389.81076265458,3.942656633693496
2022T3,2022,3,S14_S15,Hogares,92316.63354987187,3.9113305198579966
2022T4,2022,4,S14_S15,Hogares,92645.00377768645,3.9206828713963073
2023T1,2023,1,S14_S15,Hogares,93606.23655839867,3.947702402284216
2023T2,2023,2,S14_S15,Hogares,94873.99424170393,3.9828305804487476
2023T3,2023,3,S14_S15,Hogares,95427.14229298665,3.9981119560366043
2023T4,2023,4,S14_S15,Hogares,96589.77656775851,4.029714415953597
2024T1,2024,1,S14_S15,Hogares,100030.27955760887,4.1224665459711956
2024T2,2024,2,S14_S15,Hogares,100816.7858044718,4.143399931937792
2024T3,2024,3,S14_S15,Hogares,102308.3887952753,4.182745393971805
2024T4,2024,4,S14_S15,Hogares,102360.98076596,4.184114381531241
2025T1,2025,1,S14_S15,Hogares,104754.55264639083,4.245655110459885
2025T2,2025,2,S14_S15,Hogares,106877.082754204,4.299708802467289
2025T3,2025,3,S14_S15,Hogares,108067.01467716707,4.329844609348094
2003T1,2003,1,S2,Resto del mundo,28798.000629379,1.7158416924485214
2003T2,2003,2,S2,Resto del mundo,28118.431220902006,1.6757719618183262
2003T3,2003,3,S2,Resto del mundo,28698.390656729003,1.7099958736033876
2003T4,2003,4,S2,Resto del mundo,28818.691988403003,1.7171058813855389
2004T1,2004,1,S2,Resto del mundo,28999.634965149,1.727862965567285
2004T2,2004,2,S2,Resto del mundo,28404.86062518,1.6929069803913661
2004T3,2004,3,S2,Resto del mundo,28630.860704926003,1.7060535670934238
2004T4,2004,4,S2,Resto del mundo,28253.440888586003,1.684258872480889
2005T1,2005,1,S2,Resto del mundo,28766.216864593,1.7140735439870656
2005T2,2005,2,S2,Resto del mundo,28768.787409719,1.7142205225668214
2005T3,2005,3,S2,Resto del mundo,28491.682017465002,1.6985803671360513
2005T4,2005,4,S2,Resto del mundo,28688.146361567,1.7095103488216434
2006T1,2006,1,S2,Resto del mundo,29139.216004865004,1.7346877435309649
2006T2,2006,2,S2,Resto del mundo,29544.962195270004,1.7570411813046352
2006T3,2006,3,S2,Resto del mundo,29348.355202891,1.7463566864562696
2006T4,2006,4,S2,Resto del mundo,29641.432632694,1.7623400719338285
2007T1,2007,1,S2,Resto del mundo,29382.869196363004,1.748267037670397
2007T2,2007,2,S2,Resto del mundo,30593.689311390004,1.8132804108852567
2007T3,2007,3,S2,Resto del mundo,31478.732185802,1.8594270109795268
2007T4,2007,4,S2,Resto del mundo,32129.855894681,1.8926092456449088
2008T1,2008,1,S2,Resto del mundo,32998.407099166005,1.9364256103816502
2008T2,2008,2,S2,Resto del mundo,34071.707636764004,1.989421013841138
2008T3,2008,3,S2,Resto del mundo,36142.448031085,2.0880824798894775
2008T4,2008,4,S2,Resto del mundo,36099.747092094,2.0860919986095654
2009T1,2009,1,S2,Resto del mundo,37953.374555602,2.174529393843769
2009T2,2009,2,S2,Resto del mundo,37527.326255044005,2.1541764633751597
2009T3,2009,3,S2,Resto del mundo,39544.00512997201,2.2509718611383835
2009T4,2009,4,S2,Resto del mundo,42429.536697464006,2.388752890657342
2010T1,2010,1,S2,Resto del mundo,42961.626039109,2.4140922641772375
2010T2,2010,2,S2,Resto del mundo,44762.719030133,2.499040825598527
2010T3,2010,3,S2,Resto del mundo,47223.86704320501,2.6143711520453525
2010T4,2010,4,S2,Resto del mundo,48582.117253314995,2.6776764604671826
2011T1,2011,1,S2,Resto del mundo,50284.434671056006,2.756566853749171
2011T2,2011,2,S2,Resto del mundo,51233.561658754,2.7999260020910772
2011T3,2011,3,S2,Resto del mundo,51939.988760972,2.832017813778699
2011T4,2011,4,S2,Resto del mundo,54185.568721817006,2.9327434322893495
2012T1,2012,1,S2,Resto del mundo,55072.791196914,2.9721169020726634
2012T2,2012,2,S2,Resto del mundo,57030.761179041,3.058647985775181
2012T3,2012,3,S2,Resto del mundo,60055.136724618,3.192522929417774
2012T4,2012,4,S2,Resto del mundo,64624.07212309,3.392557315262022
2013T1,2013,1,S2,Resto del mundo,66150.547259023,3.459304867488318
2013T2,2013,2,S2,Resto del mundo,67423.76398427601,3.51501900177779
2013T3,2013,3,S2,Resto del mundo,69870.728585711,3.620989354829823
2013T4,2013,4,S2,Resto del mundo,73366.834520134,3.77097528053683
2014T1,2014,1,S2,Resto del mundo,74221.87158299,3.8071949674706467
2014T2,2014,2,S2,Resto del mundo,76539.926552511,3.9036856684735763
2014T3,2014,3,S2,Resto del mundo,79060.897693366,4.0079958743098425
2014T4,2014,4,S2,Resto del mundo,83943.450199958,4.206255210837164
2015T1,2015,1,S2,Resto del mundo,84100.139277733,4.212618792763129
2015T2,2015,2,S2,Resto del mundo,86189.663813236,4.296256781836601
2015T3,2015,3,S2,Resto del mundo,91119.12153435001,4.490736566974502
2015T4,2015,4,S2,Resto del mundo,91523.36316681,4.506509332705162
2016T1,2016,1,S2,Resto del mundo,93063.40118205,4.566172862538709
2016T2,2016,2,S2,Resto del mundo,94495.91702157,4.621159504272743
2016T3,2016,3,S2,Resto del mundo,94065.04315894499,4.604729175813071
2016T4,2016,4,S2,Resto del mundo,94857.71791340201,4.634814015503133
2017T1,2017,1,S2,Resto del mundo,94371.167332466,4.616434154377126
2017T2,2017,2,S2,Resto del mundo,97121.156621981,4.719564850336337
2017T3,2017,3,S2,Resto del mundo,98958.816617695,4.788502633006869
2017T4,2017,4,S2,Resto del mundo,102419.110647292,4.9176270434919624
2018T1,2018,1,S2,Resto del mundo,105001.04808854201,5.013371767531331
2018T2,2018,2,S2,Resto del mundo,103078.86942308702,4.94259615193994
2018T3,2018,3,S2,Resto del mundo,104742.66384082401,5.003413019657399
2018T4,2018,4,S2,Resto del mundo,108595.596131354,5.143185262373098
2019T1,2019,1,S2,Resto del mundo,108759.86795397001,5.149144532954283
2019T2,2019,2,S2,Resto del mundo,112865.278897613,5.296274476138172
2019T3,2019,3,S2,Resto del mundo,114780.47779934801,5.364556090245399
2019T4,2019,4,S2,Resto del mundo,118524.58778097201,5.496810343755792
2020T1,2020,1,S2,Resto del mundo,125501.982180704,5.74079685163908
2020T2,2020,2,S2,Resto del mundo,128735.99452700999,5.853494266379524
2020T3,2020,3,S2,Resto del mundo,127178.08651025,5.799226600331388
2020T4,2020,4,S2,Resto del mundo,123878.521877062,5.685723773456427
2021T1,2021,1,S2,Resto del mundo,127910.064531155,5.82287547269044
2021T2,2021,2,S2,Resto del mundo,130351.64227976798,5.90505627778468
2021T3,2021,3,S2,Resto del mundo,147545.583435564,6.4765043540944305
2021T4,2021,4,S2,Resto del mundo,151352.41048607603,6.599337955902913
2022T1,2022,1,S2,Resto del mundo,161745.585517917,6.926911714129656
2022T2,2022,2,S2,Resto del mundo,164646.91490060103,7.014600059694462
2022T3,2022,3,S2,Resto del mundo,165078.616024683,7.027201444064933
2022T4,2022,4,S2,Resto del mundo,164685.27448547102,7.015998636874362
2023T1,2023,1,S2,Resto del mundo,163839.654238376,6.992228887398177
2023T2,2023,2,S2,Resto del mundo,165353.306762691,7.0341705425374315
2023T3,2023,3,S2,Resto del mundo,172294.263775028,7.225922770171113
2023T4,2023,4,S2,Resto del mundo,174925.16996955502,7.297435462822657
2024T1,2024,1,S2,Resto del mundo,177848.868877016,7.376255130178599
2024T2,2024,2,S2,Resto del mundo,180187.372646722,7.438495960675306
2024T3,2024,3,S2,Resto del mundo,183280.953915679,7.520098360990497
2024T4,2024,4,S2,Resto del mundo,180145.284181091,7.438475771053987
2025T1,2025,1,S2,Resto del mundo,184538.666014635,7.551433281421083
2025T2,2025,2,S2,Resto del mundo,188522.50708396302,7.652888293708173
2025T3,2025,3,S2,Resto del mundo,195947.06473298802,7.8409200887786605
