periodo,año,trimestre,sector_codigo,sector_nombre,A_notional_nominal_total,A_notional_real_total,log_A_real,d_log_A_real
2003T1,2003,1,OFIs,Otros intermediarios financieros (FMM + FNM + Otros),7916.417598024447,0.47167577861867827,-0.751463439133338,
2003T2,2003,2,OFIs,Otros intermediarios financieros (FMM + FNM + Otros),8911.057369134982,0.5303231326715893,-0.634268773931908,0.11719466520143007
2003T3,2003,3,OFIs,Otros intermediarios financieros (FMM + FNM + Otros),9373.682169282176,0.5576230253395,-0.5840721267379159,0.05019664719399208
2003T4,2003,4,OFIs,Otros intermediarios financieros (FMM + FNM + Otros),9682.499882285707,0.5758746632238694,-0.5518652405339207,0.032206886203995144
2004T1,2004,1,OFIs,Otros intermediarios financieros (FMM + FNM + Otros),10777.09194411066,0.6409483077801369,-0.4448064684020057,0.107058772131915
2004T2,2004,2,OFIs,Otros intermediarios financieros (FMM + FNM + Otros),11375.391412736095,0.6761114712702108,-0.3913973182046938,0.053409150197311905
2004T3,2004,3,OFIs,Otros intermediarios financieros (FMM + FNM + Otros),11908.250018173589,0.7071082384580576,-0.3465715293889627,0.04482578881573113
2004T4,2004,4,OFIs,Otros intermediarios financieros (FMM + FNM + Otros),11430.418906431503,0.6795151373385202,-0.386375768466856,-0.03980423907789332
2005T1,2005,1,OFIs,Otros intermediarios financieros (FMM + FNM + Otros),11450.716911033982,0.6806953375970548,-0.38464044797573044,0.0017353204911255693
2005T2,2005,2,OFIs,Otros intermediarios financieros (FMM + FNM + Otros),11915.175399228361,0.7072521360986703,-0.34636804851704656,0.03827239945868388
2005T3,2005,3,OFIs,Otros intermediarios financieros (FMM + FNM + Otros),12385.112129567395,0.7337759198668097,-0.3095515832619662,0.036816465255080366
2005T4,2005,4,OFIs,Otros intermediarios financieros (FMM + FNM + Otros),11762.922126477342,0.6991613674409396,-0.3578737086831065,-0.04832212542114028
2006T1,2006,1,OFIs,Otros intermediarios financieros (FMM + FNM + Otros),12588.467330478381,0.7452408980862542,-0.29404775973402425,0.06382594894908222
2006T2,2006,2,OFIs,Otros intermediarios financieros (FMM + FNM + Otros),13042.14380062544,0.7702349189412327,-0.2610597211306872,0.032988038603337044
2006T3,2006,3,OFIs,Otros intermediarios financieros (FMM + FNM + Otros),13762.90828195676,0.8094044535263711,-0.21145654429905858,0.049603176831628626
2006T4,2006,4,OFIs,Otros intermediarios financieros (FMM + FNM + Otros),14538.598627909996,0.8517078059848847,-0.16051176169583534,0.05094478260322324
2007T1,2007,1,OFIs,Otros intermediarios financieros (FMM + FNM + Otros),15699.045599201076,0.9148683603912264,-0.08897509248155944,0.0715366692142759
2007T2,2007,2,OFIs,Otros intermediarios financieros (FMM + FNM + Otros),16206.32207863668,0.9421058952416708,-0.059637595393043114,0.029337497088516323
2007T3,2007,3,OFIs,Otros intermediarios financieros (FMM + FNM + Otros),16840.48724299082,0.9751715998298358,-0.02514182364496952,0.0344957717480736
2007T4,2007,4,OFIs,Otros intermediarios financieros (FMM + FNM + Otros),17137.86193906485,0.99032625756095,-0.009720837052325432,0.015420986592644088
2008T1,2008,1,OFIs,Otros intermediarios financieros (FMM + FNM + Otros),17903.787970004138,1.028965423749085,0.028553854488608314,0.03827469154093374
2008T2,2008,2,OFIs,Otros intermediarios financieros (FMM + FNM + Otros),19674.153922860143,1.1163792045643932,0.1100905952800929,0.0815367407914846
2008T3,2008,3,OFIs,Otros intermediarios financieros (FMM + FNM + Otros),19071.991718600028,1.0876888839263574,0.08405515526803531,-0.026035440012057598
2008T4,2008,4,OFIs,Otros intermediarios financieros (FMM + FNM + Otros),19055.20503060591,1.086906381503845,0.08333547885861275,-0.0007196764094225538
2009T1,2009,1,OFIs,Otros intermediarios financieros (FMM + FNM + Otros),22497.193416493847,1.2511251866666848,0.2240432957561034,0.14070781689749065
2009T2,2009,2,OFIs,Otros intermediarios financieros (FMM + FNM + Otros),23667.412362769843,1.3070282023937991,0.2677560123693446,0.04371271661324119
2009T3,2009,3,OFIs,Otros intermediarios financieros (FMM + FNM + Otros),24155.218111978316,1.3304416233964402,0.2855109347845327,0.017754922415188112
2009T4,2009,4,OFIs,Otros intermediarios financieros (FMM + FNM + Otros),23923.50605215372,1.3193776217011337,0.27716012669654766,-0.008350808087985051
2010T1,2010,1,OFIs,Otros intermediarios financieros (FMM + FNM + Otros),26024.70999053539,1.419442004256746,0.35026383963744984,0.07310371294090218
2010T2,2010,2,OFIs,Otros intermediarios financieros (FMM + FNM + Otros),25441.850213777427,1.39195141948812,0.3307066615101987,-0.019557178127251162
2010T3,2010,3,OFIs,Otros intermediarios financieros (FMM + FNM + Otros),23090.350515314403,1.2817592545216407,0.24823355187923957,-0.08247310963095911
2010T4,2010,4,OFIs,Otros intermediarios financieros (FMM + FNM + Otros),23582.47782158435,1.3046963177183404,0.26597030696500346,0.01773675508576389
2011T1,2011,1,OFIs,Otros intermediarios financieros (FMM + FNM + Otros),24052.902670588628,1.3264971880852872,0.2825417747934008,0.016571467828397357
2011T2,2011,2,OFIs,Otros intermediarios financieros (FMM + FNM + Otros),24353.84250530359,1.3402450796788479,0.2928524925222391,0.010310717728838292
2011T3,2011,3,OFIs,Otros intermediarios financieros (FMM + FNM + Otros),24987.64213511063,1.3690375457430606,0.3141079716008417,0.02125547907860259
2011T4,2011,4,OFIs,Otros intermediarios financieros (FMM + FNM + Otros),25990.99155022047,1.4140428415603643,0.3464528651486156,0.03234489354777392
2012T1,2012,1,OFIs,Otros intermediarios financieros (FMM + FNM + Otros),26546.374564106383,1.438689823494644,0.363732854632514,0.01727998948389836
2012T2,2012,2,OFIs,Otros intermediarios financieros (FMM + FNM + Otros),27308.2922192778,1.4723622296070413,0.38686806993008094,0.023135215297566958
2012T3,2012,3,OFIs,Otros intermediarios financieros (FMM + FNM + Otros),27248.713130154,1.4697249423130112,0.3850752692098413,-0.001792800720239629
2012T4,2012,4,OFIs,Otros intermediarios financieros (FMM + FNM + Otros),27442.065977043236,1.4781902005418013,0.3908185020284513,0.00574323281861
2013T1,2013,1,OFIs,Otros intermediarios financieros (FMM + FNM + Otros),29055.299152571362,1.5487313859840008,0.43743613515388113,0.046617633125429825
2013T2,2013,2,OFIs,Otros intermediarios financieros (FMM + FNM + Otros),30394.29712873378,1.6073240132858615,0.4745706926206335,0.03713455746675237
2013T3,2013,3,OFIs,Otros intermediarios financieros (FMM + FNM + Otros),30472.568334168467,1.610713693409905,0.4766773686055859,0.0021066759849523997
2013T4,2013,4,OFIs,Otros intermediarios financieros (FMM + FNM + Otros),31837.188630551525,1.6692570677328462,0.512378657823766,0.03570128921818011
2014T1,2014,1,OFIs,Otros intermediarios financieros (FMM + FNM + Otros),34400.186144082174,1.7778265924762016,0.5753916027944539,0.06301294497068788
2014T2,2014,2,OFIs,Otros intermediarios financieros (FMM + FNM + Otros),35790.71091470524,1.8357081835702576,0.6074303381552391,0.032038735360785164
2014T3,2014,3,OFIs,Otros intermediarios financieros (FMM + FNM + Otros),38248.73748846506,1.9374139324797592,0.6613540593127505,0.05392372115751143
2014T4,2014,4,OFIs,Otros intermediarios financieros (FMM + FNM + Otros),38490.149184297974,1.9472166171577325,0.666400977087829,0.0050469177750784855
2015T1,2015,1,OFIs,Otros intermediarios financieros (FMM + FNM + Otros),41078.202411228674,2.052324701091825,0.7189731511899895,0.05257217410216053
2015T2,2015,2,OFIs,Otros intermediarios financieros (FMM + FNM + Otros),41488.59021272441,2.068751409596171,0.7269452415187965,0.007972090328806969
2015T3,2015,3,OFIs,Otros intermediarios financieros (FMM + FNM + Otros),43109.112053360455,2.132685164018747,0.7573818261658111,0.030436584647014597
2015T4,2015,4,OFIs,Otros intermediarios financieros (FMM + FNM + Otros),41805.85910736242,2.0818346287091423,0.7332495379839163,-0.024132288181894723
2016T1,2016,1,OFIs,Otros intermediarios financieros (FMM + FNM + Otros),44094.06625492236,2.1704834244289684,0.7749499189759753,0.04170038099205897
2016T2,2016,2,OFIs,Otros intermediarios financieros (FMM + FNM + Otros),44269.3973450919,2.1772134497271325,0.7780458250928765,0.003095906116901137
2016T3,2016,3,OFIs,Otros intermediarios financieros (FMM + FNM + Otros),47051.42195656358,2.283299202691813,0.8256214157680926,0.047575590675216106
2016T4,2016,4,OFIs,Otros intermediarios financieros (FMM + FNM + Otros),46496.09717728413,2.2622226427703525,0.8163478002465359,-0.0092736155215567
2017T1,2017,1,OFIs,Otros intermediarios financieros (FMM + FNM + Otros),49664.194360416936,2.381900202599092,0.8678985735814938,0.051550773334957944
2017T2,2017,2,OFIs,Otros intermediarios financieros (FMM + FNM + Otros),51326.50537208877,2.4442405514099095,0.8937344617563682,0.025835888174874366
2017T3,2017,3,OFIs,Otros intermediarios financieros (FMM + FNM + Otros),51583.49088169311,2.4538810786303418,0.8976708848986509,0.003936423142282708
2017T4,2017,4,OFIs,Otros intermediarios financieros (FMM + FNM + Otros),49089.503715685474,2.360815396982002,0.8590070665594159,-0.038663818339234934
2018T1,2018,1,OFIs,Otros intermediarios financieros (FMM + FNM + Otros),53138.36635317076,2.5109573910156215,0.9206641111010166,0.0616570445416007
2018T2,2018,2,OFIs,Otros intermediarios financieros (FMM + FNM + Otros),54225.29569613588,2.5509786932677168,0.9364770868189202,0.01581297571790352
2018T3,2018,3,OFIs,Otros intermediarios financieros (FMM + FNM + Otros),56327.57184484921,2.6278234338671997,0.9661559118611401,0.02967882504221997
2018T4,2018,4,OFIs,Otros intermediarios financieros (FMM + FNM + Otros),55525.69758233964,2.5987339623697543,0.9550243888847533,-0.011131522976386865
2019T1,2019,1,OFIs,Otros intermediarios financieros (FMM + FNM + Otros),58961.777302787945,2.723384243024026,1.0018753139179446,0.046850925033191326
2019T2,2019,2,OFIs,Otros intermediarios financieros (FMM + FNM + Otros),62027.560250326795,2.8332559409070313,1.0414265594811114,0.039551245563166804
2019T3,2019,3,OFIs,Otros intermediarios financieros (FMM + FNM + Otros),66140.45015171851,2.9798907164689483,1.0918866275190107,0.050460068037899264
2019T4,2019,4,OFIs,Otros intermediarios financieros (FMM + FNM + Otros),65585.63033047445,2.9602926593468193,1.0852881348494667,-0.006598492669543932
2020T1,2020,1,OFIs,Otros intermediarios financieros (FMM + FNM + Otros),65717.94016744755,2.964919288319221,1.0868498106016804,0.0015616757522136648
2020T2,2020,2,OFIs,Otros intermediarios financieros (FMM + FNM + Otros),69305.82796970983,3.0899483965585857,1.1281543906273526,0.041304580025672166
2020T3,2020,3,OFIs,Otros intermediarios financieros (FMM + FNM + Otros),70304.0299626384,3.124719443255868,1.1393445009999426,0.01119011037258999
2020T4,2020,4,OFIs,Otros intermediarios financieros (FMM + FNM + Otros),69884.79724937245,3.110298117001025,1.1347185791537004,-0.004625921846242109
2021T1,2021,1,OFIs,Otros intermediarios financieros (FMM + FNM + Otros),72467.327525514,3.1981549118030106,1.1625740534521476,0.027855474298447147
2021T2,2021,2,OFIs,Otros intermediarios financieros (FMM + FNM + Otros),71520.49676892436,3.166285636327868,1.1525591773285604,-0.010014876123587202
2021T3,2021,3,OFIs,Otros intermediarios financieros (FMM + FNM + Otros),71557.66651312287,3.167520988864363,1.1529492595098654,0.00039008218130498484
2021T4,2021,4,OFIs,Otros intermediarios financieros (FMM + FNM + Otros),69807.68971441401,3.1110550789571154,1.1349619223415837,-0.017987337168281714
2022T1,2022,1,OFIs,Otros intermediarios financieros (FMM + FNM + Otros),66786.93867998818,3.0158465631779943,1.1038805745737164,-0.031081347767867307
2022T2,2022,2,OFIs,Otros intermediarios financieros (FMM + FNM + Otros),68114.50071306962,3.0559701420485434,1.1170971009844712,0.01321652641075488
2022T3,2022,3,OFIs,Otros intermediarios financieros (FMM + FNM + Otros),68144.28020820995,3.0568394074817062,1.1173815088110126,0.0002844078265413774
2022T4,2022,4,OFIs,Otros intermediarios financieros (FMM + FNM + Otros),67279.28222234728,3.0322032969014066,1.1092895159615694,-0.008091992849443175
2023T1,2023,1,OFIs,Otros intermediarios financieros (FMM + FNM + Otros),67052.76247541852,3.025835997094665,1.1071874159775972,-0.002102099983972261
2023T2,2023,2,OFIs,Otros intermediarios financieros (FMM + FNM + Otros),68857.99893304687,3.0758571239612293,1.123583601917431,0.01639618593983383
2023T3,2023,3,OFIs,Otros intermediarios financieros (FMM + FNM + Otros),75028.45196092609,3.2463232587466475,1.177523050932068,0.053939449014636986
2023T4,2023,4,OFIs,Otros intermediarios financieros (FMM + FNM + Otros),76333.07546249179,3.2817852374699985,1.1883875540460345,0.010864503113966473
2024T1,2024,1,OFIs,Otros intermediarios financieros (FMM + FNM + Otros),84519.61119455026,3.5024851260774557,1.2534727525611802,0.06508519851514571
2024T2,2024,2,OFIs,Otros intermediarios financieros (FMM + FNM + Otros),88420.9213893336,3.606321087213884,1.2826881633056764,0.029215410744496184
2024T3,2024,3,OFIs,Otros intermediarios financieros (FMM + FNM + Otros),95183.7079259912,3.78470968160713,1.3309691815981333,0.0482810182924569
2024T4,2024,4,OFIs,Otros intermediarios financieros (FMM + FNM + Otros),97079.2209620645,3.834050554963823,1.3439218304947407,0.01295264889660741
2025T1,2025,1,OFIs,Otros intermediarios financieros (FMM + FNM + Otros),99909.77072144949,3.906826349534902,1.3627253690997456,0.018803538605004944
2025T2,2025,2,OFIs,Otros intermediarios financieros (FMM + FNM + Otros),106803.89971764316,4.082396591882846,1.4066842159355217,0.04395884683577611
2025T3,2025,3,OFIs,Otros intermediarios financieros (FMM + FNM + Otros),109708.02556603,4.15594548492087,1.424539955951929,0.017855740016407218
2003T1,2003,1,S11,Empresas no financieras,14573.495145130704,0.8683175924790096,-0.14119774129041615,
2003T2,2003,2,S11,Empresas no financieras,14721.169481847255,0.8770249751531153,-0.13121980907574468,0.00997793221467147
2003T3,2003,3,S11,Empresas no financieras,14873.277960503348,0.8860010290522347,-0.12103716691922647,0.010182642156518207
2003T4,2003,4,S11,Empresas no financieras,15570.113063922843,0.9271851368193442,-0.07560201726266365,0.045435149656562826
2004T1,2004,1,S11,Empresas no financieras,16381.465162141792,0.9754201276354252,-0.0248870006561966,0.050715016606467045
2004T2,2004,2,S11,Empresas no financieras,17018.202917273713,1.0128423801329005,0.01276061605532309,0.03764761671151969
2004T3,2004,3,S11,Empresas no financieras,17548.977556146812,1.0437179214912973,0.04278926281007868,0.03002864675475559
2004T4,2004,4,S11,Empresas no financieras,19915.670183020862,1.1803862701346315,0.16584173248276823,0.12305246967268955
2005T1,2005,1,S11,Empresas no financieras,20367.405322364164,1.2066518040471128,0.187849420005686,0.022007687522917763
2005T2,2005,2,S11,Empresas no financieras,20419.350121820582,1.2096219027909936,0.1903078337452925,0.0024584137396065076
2005T3,2005,3,S11,Empresas no financieras,20802.341472950473,1.231238386727263,0.20802048135999412,0.01771264761470162
2005T4,2005,4,S11,Empresas no financieras,22383.42753489498,1.3191995981083293,0.27702518761518363,0.06900470625518951
2006T1,2006,1,S11,Empresas no financieras,23013.239361130487,1.3543538612633292,0.3033244854438725,0.026299297828688895
2006T2,2006,2,S11,Empresas no financieras,23448.841822039845,1.378352145743279,0.32088868837941775,0.017564202935545226
2006T3,2006,3,S11,Empresas no financieras,24436.674659411132,1.4320353577909657,0.35909675942843977,0.03820807104902202
2006T4,2006,4,S11,Empresas no financieras,26044.824967885645,1.5197380727474898,0.41853799944842934,0.05944124001998957
2007T1,2007,1,S11,Empresas no financieras,26666.732363929576,1.5535871127254537,0.44056652341589325,0.02202852396746391
2007T2,2007,2,S11,Empresas no financieras,27499.82792001455,1.5983190688923583,0.468952495055429,0.028385971639535768
2007T3,2007,3,S11,Empresas no financieras,28362.824055925194,1.6433161404672543,0.49671623714144814,0.027763742086019116
2007T4,2007,4,S11,Empresas no financieras,31061.082932799913,1.780823434426112,0.577075860946107,0.08035962380465883
2008T1,2008,1,S11,Empresas no financieras,30385.256239093866,1.74672956781544,0.557745221124497,-0.019330639821609985
2008T2,2008,2,S11,Empresas no financieras,31373.274789465864,1.7955140786474224,0.5852913757267333,0.027546154602236306
2008T3,2008,3,S11,Empresas no financieras,31779.911550241,1.8148884913344254,0.5960240285481587,0.010732652821425437
2008T4,2008,4,S11,Empresas no financieras,33068.060327894265,1.8749348530362295,0.6285739137714067,0.032549885223247976
2009T1,2009,1,S11,Empresas no financieras,33354.495866044046,1.8886008206565699,0.635836248378438,0.0072623346070312955
2009T2,2009,2,S11,Empresas no financieras,33085.207588536214,1.8757365384121623,0.6290014027750925,-0.006834845603345463
2009T3,2009,3,S11,Empresas no financieras,35586.264468624184,1.995780834282126,0.6910353693966756,0.062033966621583114
2009T4,2009,4,S11,Empresas no financieras,38675.08153185087,2.143268527628346,0.762332013181074,0.07129664378439837
2010T1,2010,1,S11,Empresas no financieras,39559.47004393659,2.1853852345241522,0.7817921217137058,0.019460108532631804
2010T2,2010,2,S11,Empresas no financieras,40222.705420571096,2.216666734929512,0.7960045967949212,0.01421247508121537
2010T3,2010,3,S11,Empresas no financieras,44284.22238612815,2.4069909555855227,0.8783774012473538,0.08237280445243256
2010T4,2010,4,S11,Empresas no financieras,46281.53678398858,2.5000817594968847,0.9163234351381514,0.03794603389079765
2011T1,2011,1,S11,Empresas no financieras,48615.605271466164,2.608249354450212,0.9586792508628773,0.04235581572472591
2011T2,2011,2,S11,Empresas no financieras,48256.47925500149,2.5918433324709023,0.9523693339437341,-0.006309916919143177
2011T3,2011,3,S11,Empresas no financieras,46062.35638118888,2.492167969132182,0.9131530019972756,-0.03921633194645857
2011T4,2011,4,S11,Empresas no financieras,52830.91432641508,2.795772025699173,1.0281082851743628,0.11495528317708725
2012T1,2012,1,S11,Empresas no financieras,53196.91508915177,2.8120145357536073,1.033901143121974,0.005792857947611196
2012T2,2012,2,S11,Empresas no financieras,54299.127404257255,2.860726021101677,1.0510754461484602,0.01717430302648615
2012T3,2012,3,S11,Empresas no financieras,56381.49512222511,2.9529026892055428,1.0827886490205585,0.031713202872098334
2012T4,2012,4,S11,Empresas no financieras,61081.27754114925,3.1586657407219834,1.1501497044842275,0.067361055463669
2013T1,2013,1,S11,Empresas no financieras,60917.722100743915,3.1515140190572364,1.1478829783372202,-0.002266726147007292
2013T2,2013,2,S11,Empresas no financieras,58372.618340306035,3.0401439358049123,1.1119048616015295,-0.035978116735690735
2013T3,2013,3,S11,Empresas no financieras,58918.57618758744,3.063787655781087,1.1196519465332755,0.007747084931746029
2013T4,2013,4,S11,Empresas no financieras,60234.858480098665,3.120257288520238,1.137915462690707,0.018263516157431603
2014T1,2014,1,S11,Empresas no financieras,58096.45067349244,3.0296735411521425,1.1084548715226583,-0.029460591168048778
2014T2,2014,2,S11,Empresas no financieras,60059.35042793752,3.1113806515508324,1.1350665670846118,0.02661169556195353
2014T3,2014,3,S11,Empresas no financieras,60828.11435089849,3.143189791189122,1.1452381413531485,0.010171574268536654
2014T4,2014,4,S11,Empresas no financieras,63500.870393936646,3.2517188523874827,1.1791837341928362,0.03394559283968768
2015T1,2015,1,S11,Empresas no financieras,62267.19617286879,3.2016158899653737,1.1636556479676285,-0.015528086225207627
2015T2,2015,2,S11,Empresas no financieras,63753.55112150912,3.2611106395322915,1.1820678243310825,0.018412176363453936
2015T3,2015,3,S11,Empresas no financieras,69550.96857105523,3.489833668256767,1.249854075553303,0.06778625122222048
2015T4,2015,4,S11,Empresas no financieras,68277.23722824664,3.440135011659572,1.235510718190598,-0.014343357362704978
2016T1,2016,1,S11,Empresas no financieras,67862.06864166971,3.4240507182161255,1.2308242707329116,-0.004686447457686427
2016T2,2016,2,S11,Empresas no financieras,70275.10415595717,3.516674279963329,1.2575157361701046,0.02669146543719303
2016T3,2016,3,S11,Empresas no financieras,70902.00619439491,3.5405796668921594,1.2642904614501398,0.006774725280035199
2016T4,2016,4,S11,Empresas no financieras,73576.864955157,3.6421001159270414,1.2925604701991587,0.02827000874901886
2017T1,2017,1,S11,Empresas no financieras,73789.82262345283,3.6501447725821947,1.2947668305289648,0.002206360329806145
2017T2,2017,2,S11,Empresas no financieras,72986.36580301808,3.620013360296141,1.2864777165204109,-0.008289114008553922
2017T3,2017,3,S11,Empresas no financieras,74631.97919217899,3.6817467268853243,1.3033872936131667,0.016909577092755868
2017T4,2017,4,S11,Empresas no financieras,75720.3185344833,3.722359222465404,1.3143576668529575,0.010970373239790776
2018T1,2018,1,S11,Empresas no financieras,75755.31290445056,3.723656901581062,1.3147062234789915,0.00034855662603394677
2018T2,2018,2,S11,Empresas no financieras,73778.07389264459,3.6508539354744975,1.2949610951557344,-0.019745128323257033
2018T3,2018,3,S11,Empresas no financieras,72665.4237663988,3.6101831081040454,1.2837584935249433,-0.01120260163079112
2018T4,2018,4,S11,Empresas no financieras,74480.34883279518,3.676022870592128,1.3018314260715098,0.0180729325465665
2019T1,2019,1,S11,Empresas no financieras,73942.3873886366,3.656507303302905,1.2965084030748586,-0.005323022996651217
2019T2,2019,2,S11,Empresas no financieras,74796.21493420277,3.6871068218389267,1.3048420913950791,0.008333688320220523
2019T3,2019,3,S11,Empresas no financieras,75934.5258563382,3.7276904432313995,1.3157888577618024,0.010946766366723315
2019T4,2019,4,S11,Empresas no financieras,73528.47900484757,3.642700971283009,1.292725431561902,-0.02306342619990054
2020T1,2020,1,S11,Empresas no financieras,75999.54023142677,3.729109387505261,1.316169435039776,0.02344400347787401
2020T2,2020,2,S11,Empresas no financieras,80865.30801414765,3.898669485340492,1.360635337323104,0.04446590228332803
2020T3,2020,3,S11,Empresas no financieras,82569.82161540198,3.9580439630967272,1.3757499545205891,0.015114617197485192
2020T4,2020,4,S11,Empresas no financieras,83441.23946152834,3.988020156904171,1.383294906476029,0.007544951955439805
2021T1,2021,1,S11,Empresas no financieras,87253.04646508963,4.117696524624051,1.4152939110439697,0.0319990045679408
2021T2,2021,2,S11,Empresas no financieras,89372.73834645895,4.189043007635544,1.4324723087146638,0.017178397670694068
2021T3,2021,3,S11,Empresas no financieras,90620.65159601593,4.230517944614747,1.4423244310977452,0.009852122383081419
2021T4,2021,4,S11,Empresas no financieras,85461.22656743764,4.064040520998703,1.4021776809446582,-0.040146750153086996
2022T1,2022,1,S11,Empresas no financieras,85607.72402882541,4.068657851492075,1.4033131788515043,0.0011354979068460835
2022T2,2022,2,S11,Empresas no financieras,84150.62696431615,4.024619269841635,1.3924303150527901,-0.01088286379871417
2022T3,2022,3,S11,Empresas no financieras,81914.82851203076,3.9593561651136486,1.3760814274808253,-0.016348887571964843
2022T4,2022,4,S11,Empresas no financieras,85613.97671162925,4.064712045228601,1.402342902908534,0.026261475427708625
2023T1,2023,1,S11,Empresas no financieras,90055.976371476,4.189573316526888,1.4325988949841706,0.030255992075636673
2023T2,2023,2,S11,Empresas no financieras,92857.89106732675,4.267211306762568,1.4509605241333678,0.018361629149197256
2023T3,2023,3,S11,Empresas no financieras,96983.18352471958,4.3811774380812745,1.4773175097420779,0.026356985608710026
2023T4,2023,4,S11,Empresas no financieras,101257.86584702446,4.497370878856131,1.503492976893155,0.026175467151077214
2024T1,2024,1,S11,Empresas no financieras,104417.54887433274,4.58255241534305,1.5222561388208196,0.018763161927664473
2024T2,2024,2,S11,Empresas no financieras,106120.15406856207,4.627868383044126,1.5320963696539334,0.009840230833113806
2024T3,2024,3,S11,Empresas no financieras,107151.8093332599,4.655081356804317,1.5379593878704647,0.005863018216531346
2024T4,2024,4,S11,Empresas no financieras,108579.62688731626,4.6922479516894136,1.5459117750235527,0.007952387153087992
2025T1,2025,1,S11,Empresas no financieras,108846.154780016,4.6991006060553255,1.5473711299905122,0.0014593549669594807
2025T2,2025,2,S11,Empresas no financieras,113148.10988435626,4.808656911232673,1.5704178166921965,0.023046686701684305
2025T3,2025,3,S11,Empresas no financieras,113741.0107086227,4.823672513717789,1.5735355702460443,0.003117753553847802
2003T1,2003,1,S121,Banco Central,18182.328553997002,1.0833390067683335,0.08004794467674653,
2003T2,2003,2,S121,Banco Central,17137.926347243,1.0217574897486037,0.021524173749651376,-0.05852377092709515
2003T3,2003,3,S121,Banco Central,17117.799299465,1.020569775117035,0.020361074391486746,-0.0011630993581646307
2003T4,2003,4,S121,Banco Central,17500.654979322,1.0431971793639028,0.04229020835598142,0.021929133964494675
2004T1,2004,1,S121,Banco Central,16924.068583167,1.0089190409523985,0.008879501236955165,-0.03341070711902626
2004T2,2004,2,S121,Banco Central,17097.757988055,1.0191270876929412,0.01894646451392976,0.010066963276974594
2004T3,2004,3,S121,Banco Central,16680.758482285,0.9948699274145829,-0.0051432765854604575,-0.024089741099390216
2004T4,2004,4,S121,Banco Central,17152.620463962,1.0221183318297111,0.021877269648185788,0.027020546233646244
2005T1,2005,1,S121,Banco Central,16389.253925581,0.9777334081094822,-0.022518234951522133,-0.044395504599707925
2005T2,2005,2,S121,Banco Central,16582.681768439,0.9887932215867896,-0.0112700474935612,0.011248187457960933
2005T3,2005,3,S121,Banco Central,15854.178192970001,0.9476756198702441,-0.05374300841435312,-0.04247296092079192
2005T4,2005,4,S121,Banco Central,16389.933221357,0.9774814997870276,-0.022775913350792782,0.03096709506356034
2006T1,2006,1,S121,Banco Central,15364.661574957001,0.9202538204048558,-0.08310575524577138,-0.0603298418949786
2006T2,2006,2,S121,Banco Central,15776.087737317,0.9429201801545171,-0.0587736445181732,0.02433211072759818
2006T3,2006,3,S121,Banco Central,15607.578287672,0.9337626302380715,-0.06853301626720992,-0.009759371749036724
2006T4,2006,4,S121,Banco Central,16886.567100356,1.003514064964228,0.0035079050645819474,0.07204092133179187
2007T1,2007,1,S121,Banco Central,14581.331913934002,0.8780452275132334,-0.1300571746996466,-0.13356507976422854
2007T2,2007,2,S121,Banco Central,15878.46318366,0.9476929632096966,-0.0537247076578587,0.0763324670417879
2007T3,2007,3,S121,Banco Central,14405.999840723,0.8709179515074337,-0.1382075069026616,-0.0844827992448029
2007T4,2007,4,S121,Banco Central,14569.082707435,0.8792288974603268,-0.12871000852985262,0.009497498372808971
2008T1,2008,1,S121,Banco Central,14213.386558153,0.8612848636118726,-0.14932997722756583,-0.02061996869771321
2008T2,2008,2,S121,Banco Central,15261.309926782,0.9130272412309172,-0.09098956177761086,0.05834041544995497
2008T3,2008,3,S121,Banco Central,18008.219484003,1.0439051266292383,0.042968610454866704,0.13395817223247758
2008T4,2008,4,S121,Banco Central,18104.222737234,1.0483802665882735,0.04724636988275335,0.004277759427886649
2009T1,2009,1,S121,Banco Central,18017.17782102,1.0442273147088397,0.04327720015519404,-0.003969169727559313
2009T2,2009,2,S121,Banco Central,18169.134844421,1.051486516840257,0.050204893292153684,0.006927693136959644
2009T3,2009,3,S121,Banco Central,19662.515562595,1.1231649493486267,0.11615054773823337,0.0659456544460797
2009T4,2009,4,S121,Banco Central,20746.40903925,1.174919697341978,0.1611998025729761,0.045049254834742716
2010T1,2010,1,S121,Banco Central,20623.540093504,1.1690683827852377,0.1562071776013325,-0.0049926249716436
2010T2,2010,2,S121,Banco Central,19243.00965606,1.1039556566552586,0.09889978097508996,-0.05730739662624253
2010T3,2010,3,S121,Banco Central,18112.798633436,1.05099354080497,0.04973594611472042,-0.04916383486036954
2010T4,2010,4,S121,Banco Central,18901.699030598,1.0877626004264664,0.08412292648763496,0.034386980372914544
2011T1,2011,1,S121,Banco Central,20335.821903482,1.1542240701132715,0.14342831744677503,0.05930539095914007
2011T2,2011,2,S121,Banco Central,21668.804739971998,1.2151189780589031,0.19484199632655305,0.05141367887977802
2011T3,2011,3,S121,Banco Central,23382.205412934,1.2929559290613477,0.2569310149562078,0.06208901862965474
2011T4,2011,4,S121,Banco Central,26777.079057863,1.4452331819819277,0.368270680159188,0.11133966520298022
2012T1,2012,1,S121,Banco Central,24587.639732128002,1.348069476649958,0.298673551703459,-0.06959712845572902
2012T2,2012,2,S121,Banco Central,25291.20743793,1.3791631484615168,0.32147690106735877,0.022803349363899772
2012T3,2012,3,S121,Banco Central,24868.259041443,1.3604412034219104,0.30780906141784253,-0.013667839649516234
2012T4,2012,4,S121,Banco Central,26743.13548225,1.4425259178383374,0.366395686544314,0.05858662512647145
2013T1,2013,1,S121,Banco Central,25084.39104341,1.3699946800505178,0.3148068566576895,-0.0515888298866245
2013T2,2013,2,S121,Banco Central,26096.800786948996,1.414296275598828,0.3466320756524795,0.03182521899479002
2013T3,2013,3,S121,Banco Central,26347.025738224,1.4251327324946448,0.3542649549931079,0.007632879340628396
2013T4,2013,4,S121,Banco Central,25790.418884444,1.4012538238502945,0.3373674242856436,-0.016897530707464303
2014T1,2014,1,S121,Banco Central,25760.065088093,1.3999680257851046,0.33644939763548,-0.0009180266501636059
2014T2,2014,2,S121,Banco Central,25602.79854282,1.3934216930202536,0.33176237190108726,-0.004687025734392725
2014T3,2014,3,S121,Banco Central,25734.394128168,1.3988667226647176,0.3356624250013609,0.003900053100273637
2014T4,2014,4,S121,Banco Central,26466.568062321,1.428597138919697,0.3566929410205718,0.02103051601921091
2015T1,2015,1,S121,Banco Central,26139.733458147,1.4153234710327238,0.34735810640642795,-0.009334834614143861
2015T2,2015,2,S121,Banco Central,25824.024012158,1.4026864798199532,0.3383893120144621,-0.00896879439196585
2015T3,2015,3,S121,Banco Central,26113.311302992002,1.4140996074594387,0.3464930087411718,0.008103696726709686
2015T4,2015,4,S121,Banco Central,26574.001955648004,1.4320749102367127,0.3591243787880651,0.012631370046893298
2016T1,2016,1,S121,Banco Central,26895.339127074003,1.4445240249496472,0.3677798728035975,0.008655494015532395
2016T2,2016,2,S121,Banco Central,26956.76305809,1.4468817620129975,0.3694107318110424,0.001630859007444918
2016T3,2016,3,S121,Banco Central,26810.311302367,1.4412971799374799,0.3655435274946401,-0.0038672043164023062
2016T4,2016,4,S121,Banco Central,27908.109177127,1.4829625324525493,0.3940417981384236,0.02849827064378352
2017T1,2017,1,S121,Banco Central,26600.60120121,1.433570308991896,0.3601680522204134,-0.03387374591801018
2017T2,2017,2,S121,Banco Central,26186.801167488,1.4180518902008101,0.3492840213760852,-0.010884030844328207
2017T3,2017,3,S121,Banco Central,25151.166757323997,1.3792012104991658,0.3215044986090162,-0.02777952276706902
2017T4,2017,4,S121,Banco Central,26261.022516352,1.4206166131736795,0.35109101198994863,0.029586513380932433
2018T1,2018,1,S121,Banco Central,25277.746592027997,1.3841542727138045,0.3250893197071485,-0.026001692282800137
2018T2,2018,2,S121,Banco Central,24917.333430047,1.370883673125495,0.3154555487859783,-0.009633770921170182
2018T3,2018,3,S121,Banco Central,25132.284858261,1.378740817275041,0.32117063138210217,0.005715082596123855
2018T4,2018,4,S121,Banco Central,27041.535312722997,1.448002407618071,0.3701849566818047,0.04901432529970251
2019T1,2019,1,S121,Banco Central,26282.462857920997,1.4204656208651576,0.35098471988276847,-0.019200236799036208
2019T2,2019,2,S121,Banco Central,26305.555955623997,1.4212932325706906,0.35156718431526646,0.0005824644324979866
2019T3,2019,3,S121,Banco Central,25807.687943653997,1.4035429971048745,0.3389997519792346,-0.012567432336031858
2019T4,2019,4,S121,Banco Central,28384.807713052996,1.4945753260112233,0.40184210362040396,0.06284235164116936
2020T1,2020,1,S121,Banco Central,28634.225834958,1.503297013948019,0.4076607053182873,0.005818601697883341
2020T2,2020,2,S121,Banco Central,45009.911273872,2.073949570570553,0.7294547944541271,0.3217940891358398
2020T3,2020,3,S121,Banco Central,53359.400317463,2.3647929825150555,0.8606904842923153,0.13123568983818823
2020T4,2020,4,S121,Banco Central,55171.788534876,2.4271379306946255,0.8867127568950006,0.026022272602685304
2021T1,2021,1,S121,Banco Central,55806.673353041,2.4487364945944283,0.8955721750370772,0.00885941814207658
2021T2,2021,2,S121,Banco Central,67111.145939632,2.829232531986463,1.0400054847656683,0.14443330972859114
2021T3,2021,3,S121,Banco Central,68792.456116626,2.8851116034348,1.0595635832447146,0.019558098479046215
2021T4,2021,4,S121,Banco Central,66085.463985354,2.7977660032435234,1.0288212427402168,-0.030742340504497756
2022T1,2022,1,S121,Banco Central,64727.159853986996,2.7549547556927365,1.0134010198539585,-0.015420222886258328
2022T2,2022,2,S121,Banco Central,63385.47123927399,2.7144042219996325,0.9985724898947317,-0.014828529959226788
2022T3,2022,3,S121,Banco Central,57004.28741523699,2.528137044038687,0.9274826852736185,-0.07108980462111314
2022T4,2022,4,S121,Banco Central,56490.967645116994,2.513517122574803,0.9216830163710943,-0.005799668902524258
2023T1,2023,1,S121,Banco Central,55982.992409991995,2.4992383205705857,0.9159860136805159,-0.005697002690578379
2023T2,2023,2,S121,Banco Central,56034.247063692994,2.500658530939397,0.9165541095629651,0.0005680958824492155
2023T3,2023,3,S121,Banco Central,57729.043633394,2.5474793104152615,0.9351043645568412,0.01855025499387608
2023T4,2023,4,S121,Banco Central,61372.711002767996,2.6465206465345634,0.9732458137343928,0.03814144917755158
2024T1,2024,1,S121,Banco Central,60608.11043524899,2.6259078665255755,0.9654266901644131,-0.007819123569979713
2024T2,2024,2,S121,Banco Central,40471.51523080799,2.089959015325741,0.7371444558924533,-0.22828223427195982
2024T3,2024,3,S121,Banco Central,30356.738954887995,1.823151729204406,0.6005667227346541,-0.1365777331577992
2024T4,2024,4,S121,Banco Central,29705.802502538998,1.8062076235995501,0.5912294116204441,-0.00933731111420999
2025T1,2025,1,S121,Banco Central,28515.275635536997,1.775598185126681,0.5741373718588839,-0.01709203976156015
2025T2,2025,2,S121,Banco Central,29503.316001252995,1.8007602449828406,0.5882089340577489,0.014071562198864962
2025T3,2025,3,S121,Banco Central,30246.040442920996,1.8195702289053035,0.5986003352396261,0.010391401181877202
2003T1,2003,1,S122,Bancos y cooperativas,39893.642034781195,2.3769418977323813,0.8658147445506515,
2003T2,2003,2,S122,Bancos y cooperativas,40096.2603034172,2.388888962070072,0.870828388431381,0.005013643880729446
2003T3,2003,3,S122,Bancos y cooperativas,40602.84251316479,2.418782819790588,0.8832644466095676,0.012436058178186604
2003T4,2003,4,S122,Bancos y cooperativas,42415.1234290803,2.525891620967627,0.9265941176110143,0.04332967100144669
2004T1,2004,1,S122,Bancos y cooperativas,42866.49731940714,2.5527258591514284,0.9371617526078654,0.010567634996851094
2004T2,2004,2,S122,Bancos y cooperativas,43957.94651530099,2.6168723418559825,0.9619798420204114,0.02481808941254604
2004T3,2004,3,S122,Bancos y cooperativas,44583.07890962289,2.653236741512188,0.975780306572849,0.013800464552437552
2004T4,2004,4,S122,Bancos y cooperativas,47149.34299507754,2.80142965459234,1.0301298777998011,0.054349571226952165
2005T1,2005,1,S122,Bancos y cooperativas,48472.173761529484,2.878343875627317,1.0572150855621514,0.02708520776235024
2005T2,2005,2,S122,Bancos y cooperativas,50696.599815917216,3.0055320657662725,1.1004546124690373,0.04323952690688593
2005T3,2005,3,S122,Bancos y cooperativas,52420.62414600067,3.1028380339742796,1.1323171875117137,0.03186257504267642
2005T4,2005,4,S122,Bancos y cooperativas,55697.145095526255,3.2851220719989143,1.1894038116719914,0.057086624160277655
2006T1,2006,1,S122,Bancos y cooperativas,57044.131625306036,3.3603069398619887,1.212032320952252,0.022628509280260722
2006T2,2006,2,S122,Bancos y cooperativas,58539.098483707116,3.4426679069720243,1.2362467251507672,0.02421440419851506
2006T3,2006,3,S122,Bancos y cooperativas,60199.35433867789,3.5328935643342416,1.262117241779488,0.025870516628720752
2006T4,2006,4,S122,Bancos y cooperativas,62806.73470355201,3.6750906809338164,1.3015778074444069,0.039460565664918956
2007T1,2007,1,S122,Bancos y cooperativas,64737.83468330408,3.780196169036833,1.3297759048555067,0.0281980974110998
2007T2,2007,2,S122,Bancos y cooperativas,68509.4102425951,3.9827058948013105,1.3819614613530082,0.05218555649750156
2007T3,2007,3,S122,Bancos y cooperativas,70880.09172662094,4.106314471919016,1.4125259040514866,0.030564442698478356
2007T4,2007,4,S122,Bancos y cooperativas,75362.3455570496,4.33473680764866,1.466660895044199,0.05413499099271246
2008T1,2008,1,S122,Bancos y cooperativas,77764.57698551351,4.455923731238329,1.4942343865086487,0.02757349146444965
2008T2,2008,2,S122,Bancos y cooperativas,81112.72687763066,4.621242342531194,1.530663574254877,0.036429187746228386
2008T3,2008,3,S122,Bancos y cooperativas,84619.21196825147,4.788310585690054,1.5661776531128169,0.03551407885793978
2008T4,2008,4,S122,Bancos y cooperativas,88585.69979407165,4.9732062800437,1.604064758873074,0.03788710576025722
2009T1,2009,1,S122,Bancos y cooperativas,85894.0152421695,4.844784806339449,1.577902828740114,-0.026161930132960087
2009T2,2009,2,S122,Bancos y cooperativas,86180.48051339602,4.858469657891042,1.580723503118041,0.0028206743779271015
2009T3,2009,3,S122,Bancos y cooperativas,88146.26560711741,4.952822285088851,1.5999575727057465,0.01923406958770535
2009T4,2009,4,S122,Bancos y cooperativas,93220.57653493244,5.195115175456126,1.6477187947493428,0.04776122204359634
2010T1,2010,1,S122,Bancos y cooperativas,91946.4216365536,5.134436856299404,1.6359701696546805,-0.011748625094662346
2010T2,2010,2,S122,Bancos y cooperativas,92979.9709575389,5.18318421604885,1.6454195809353702,0.009449411280689768
2010T3,2010,3,S122,Bancos y cooperativas,94092.03036041814,5.235295740134813,1.655423335589267,0.01000375465389669
2010T4,2010,4,S122,Bancos y cooperativas,98338.96833075718,5.4332369707413015,1.6925350835409458,0.03711174795167893
2011T1,2011,1,S122,Bancos y cooperativas,101826.6822767058,5.59486788750422,1.7218497288853247,0.029314645344378887
2011T2,2011,2,S122,Bancos y cooperativas,106282.02994306761,5.798402380658906,1.7575824279980774,0.035732699112752675
2011T3,2011,3,S122,Bancos y cooperativas,108753.33125048384,5.910669500552759,1.7767591076674516,0.019176679669374197
2011T4,2011,4,S122,Bancos y cooperativas,114988.4068184242,6.190344174352891,1.8229906868233077,0.04623157915585607
2012T1,2012,1,S122,Bancos y cooperativas,115709.51990664804,6.22234598357941,1.8281470034192415,0.005156316595933852
2012T2,2012,2,S122,Bancos y cooperativas,120436.03316445224,6.431230858253441,1.861165944230925,0.03301894081168344
2012T3,2012,3,S122,Bancos y cooperativas,122786.78540717387,6.5352876525468275,1.8772163633296175,0.016050419098692537
2012T4,2012,4,S122,Bancos y cooperativas,127436.51976461518,6.738859529890669,1.907890701391687,0.03067433806206954
2013T1,2013,1,S122,Bancos y cooperativas,128138.27763587462,6.769545008520147,1.912433877652419,0.004543176260731974
2013T2,2013,2,S122,Bancos y cooperativas,130345.9329346627,6.866148832002834,1.926603371468615,0.014169493816196033
2013T3,2013,3,S122,Bancos y cooperativas,132365.09580230777,6.95359243532608,1.9392584232005965,0.012655051731981448
2013T4,2013,4,S122,Bancos y cooperativas,136668.52995378518,7.1382134299513496,1.9654625251465032,0.02620410194590672
2014T1,2014,1,S122,Bancos y cooperativas,137413.57662364733,7.169773883065923,1.9698741175822927,0.00441159243578948
2014T2,2014,2,S122,Bancos y cooperativas,138085.52762992782,7.197744325737966,1.9737676888450941,0.003893571262801432
2014T3,2014,3,S122,Bancos y cooperativas,140995.2529435431,7.318140010349914,1.9903561987383884,0.0165885098932943
2014T4,2014,4,S122,Bancos y cooperativas,148647.66397728954,7.628871319913217,2.031939907737266,0.041583708998877755
2015T1,2015,1,S122,Bancos y cooperativas,148833.34008609215,7.636412146286301,2.0329278785146387,0.00098797077737256
2015T2,2015,2,S122,Bancos y cooperativas,151411.10709197586,7.739593154696982,2.0463491222274626,0.013421243712823827
2015T3,2015,3,S122,Bancos y cooperativas,154227.9400798949,7.850724460664659,2.060605815518802,0.014256693291339495
2015T4,2015,4,S122,Bancos y cooperativas,161452.01478303707,8.132594581809894,2.0958800094004015,0.03527419388159947
2016T1,2016,1,S122,Bancos y cooperativas,162547.1946064782,8.175023595524076,2.1010836030817908,0.005203593681389229
2016T2,2016,2,S122,Bancos y cooperativas,165785.66901504353,8.299331353355424,2.116174951720738,0.015091348638947455
2016T3,2016,3,S122,Bancos y cooperativas,165982.3811740248,8.306832493861798,2.117078368197363,0.0009034164766248409
2016T4,2016,4,S122,Bancos y cooperativas,173254.65191100104,8.582841157029762,2.14976499586901,0.032686627671647095
2017T1,2017,1,S122,Bancos y cooperativas,171471.2994627506,8.515473504781742,2.1418849208811612,-0.007880074987848928
2017T2,2017,2,S122,Bancos y cooperativas,175279.5956394719,8.658293055614733,2.1585175964043093,0.016632675523148066
2017T3,2017,3,S122,Bancos y cooperativas,177197.51085818995,8.730241524230722,2.166793035474624,0.008275439070314583
2017T4,2017,4,S122,Bancos y cooperativas,185746.16715029196,9.049243376303368,2.202681149388399,0.03588811391377522
2018T1,2018,1,S122,Bancos y cooperativas,187639.72580299218,9.11946128621809,2.2104107328479383,0.007729583459539224
2018T2,2018,2,S122,Bancos y cooperativas,190725.9823833147,9.23309885449981,2.222794729383214,0.012383996535275887
2018T3,2018,3,S122,Bancos y cooperativas,192619.254521164,9.302303847576622,2.2302620950261773,0.007467365642963131
2018T4,2018,4,S122,Bancos y cooperativas,198530.13177444306,9.516731848852084,2.253051496676872,0.022789401650694874
2019T1,2019,1,S122,Bancos y cooperativas,198288.80327749523,9.5079772018934,2.2521311517135625,-0.0009203449633097271
2019T2,2019,2,S122,Bancos y cooperativas,204656.05529289192,9.736167129801448,2.2758475217048413,0.023716369991278796
2019T3,2019,3,S122,Bancos y cooperativas,210613.74702640294,9.948573688487803,2.2974291930045374,0.021581671299696126
2019T4,2019,4,S122,Bancos y cooperativas,224987.81324014108,10.456312885877065,2.347205899925187,0.049776706920649616
2020T1,2020,1,S122,Bancos y cooperativas,235791.92892943323,10.83411272157199,2.3826997416094926,0.03549384168430558
2020T2,2020,2,S122,Bancos y cooperativas,251814.71273373385,11.392467519985889,2.4329523931521337,0.050252651542641136
2020T3,2020,3,S122,Bancos y cooperativas,253239.58584944333,11.442101091141845,2.4372996309009842,0.004347237748850485
2020T4,2020,4,S122,Bancos y cooperativas,257992.63615604624,11.6056028576028,2.4514879864687265,0.014188355567742228
2021T1,2021,1,S122,Bancos y cooperativas,257360.12317695894,11.584084982855444,2.4496321718436125,-0.0018558146251139718
2021T2,2021,2,S122,Bancos y cooperativas,272554.86528207373,12.095523187150615,2.492835399608524,0.04320322776491148
2021T3,2021,3,S122,Bancos y cooperativas,279794.95024264493,12.336150544517306,2.5125340204200914,0.01969862081156748
2021T4,2021,4,S122,Bancos y cooperativas,283246.09630551125,12.447507508110391,2.5215204027162152,0.008986382296123807
2022T1,2022,1,S122,Bancos y cooperativas,288045.7048185462,12.598782339315981,2.5336001695506853,0.012079766834470096
2022T2,2022,2,S122,Bancos y cooperativas,290465.0224908802,12.671902601134176,2.53938714889466,0.005786979343974874
2022T3,2022,3,S122,Bancos y cooperativas,296071.2884311653,12.835549874804915,2.5522186552289416,0.012831506334281428
2022T4,2022,4,S122,Bancos y cooperativas,308690.03070007457,13.194945775144618,2.579833860446625,0.027615205217683236
2023T1,2023,1,S122,Bancos y cooperativas,315393.2618467327,13.383368563724225,2.5940127841289837,0.014178923682358846
2023T2,2023,2,S122,Bancos y cooperativas,316288.7609213034,13.408181863183536,2.5958651074293284,0.0018523233003446826
2023T3,2023,3,S122,Bancos y cooperativas,314072.9215286502,13.346966653398411,2.591289142054669,-0.004575965374659319
2023T4,2023,4,S122,Bancos y cooperativas,319674.0404697491,13.49921499207837,2.602631535018745,0.01134239296407591
2024T1,2024,1,S122,Bancos y cooperativas,323117.78343412105,13.592054468201747,2.6094853917337133,0.006853856714968298
2024T2,2024,2,S122,Bancos y cooperativas,306969.6630279967,13.162261521934932,2.5773537593043128,-0.032131632429400536
2024T3,2024,3,S122,Bancos y cooperativas,299505.44424422656,12.965370567316906,2.562282000712279,-0.015071758592033913
2024T4,2024,4,S122,Bancos y cooperativas,304656.9843732362,13.099466975128452,2.572571540457797,0.010289539745518272
2025T1,2025,1,S122,Bancos y cooperativas,305589.03397617844,13.123430747610772,2.5743992392427733,0.0018276987849761284
2025T2,2025,2,S122,Bancos y cooperativas,310432.01470169425,13.246765152890202,2.5837533832208424,0.009354143978069107
2025T3,2025,3,S122,Bancos y cooperativas,311370.84513700136,13.27054164980255,2.5855466651299808,0.0017932819091384111
2003T1,2003,1,S128,Compañías de seguros,8515.341171396001,0.5073608267234683,-0.6785328387321607,
2003T2,2003,2,S128,Compañías de seguros,8688.64726132184,0.5175795450078358,-0.6585920554947401,0.019940783237420656
2003T3,2003,3,S128,Compañías de seguros,8884.118149605749,0.5291144524925924,-0.6365505142067905,0.02204154128794955
2003T4,2003,4,S128,Compañías de seguros,9026.581376059892,0.5375342649307804,-0.6207627723037531,0.015787741903037444
2004T1,2004,1,S128,Compañías de seguros,9302.135470084182,0.5539159926957936,-0.5907422414662412,0.030020530837511883
2004T2,2004,2,S128,Compañías de seguros,9424.304227610386,0.5610960759476518,-0.5778631297487711,0.012879111717470137
2004T3,2004,3,S128,Compañías de seguros,9647.296034885756,0.5740676692828798,-0.5550079988744131,0.022855130874357976
2004T4,2004,4,S128,Compañías de seguros,9768.995899425952,0.5810954173427512,-0.542840306108819,0.012167692765594151
2005T1,2005,1,S128,Compañías de seguros,9956.630557922272,0.5920051829480046,-0.5242398891567184,0.018600416952100574
2005T2,2005,2,S128,Compañías de seguros,10069.914191668428,0.5984825123787209,-0.5133579734941681,0.010881915662550257
2005T3,2005,3,S128,Compañías de seguros,10274.378890506621,0.6100227413288807,-0.49425904164267687,0.019098931851491252
2005T4,2005,4,S128,Compañías de seguros,10440.821721749184,0.61928252383799,-0.47919369065478007,0.015065350987896797
2006T1,2006,1,S128,Compañías de seguros,10637.712849231508,0.630272413548016,-0.46160315059839263,0.017590540056387438
2006T2,2006,2,S128,Compañías de seguros,10769.54606343999,0.6375353912912469,-0.45014548773952257,0.011457662858870066
2006T3,2006,3,S128,Compañías de seguros,10909.209831191032,0.6451253390798929,-0.4383106569099848,0.01183483082953779
2006T4,2006,4,S128,Compañías de seguros,11001.550187096043,0.6501612488889725,-0.4305348716442182,0.007775785265766555
2007T1,2007,1,S128,Compañías de seguros,11181.90448337442,0.6599775331521252,-0.4155494852196611,0.014985386424557101
2007T2,2007,2,S128,Compañías de seguros,11370.669235202404,0.6701130050592213,-0.4003089165518492,0.015240568667811927
2007T3,2007,3,S128,Compañías de seguros,11584.916874985533,0.6812839894714531,-0.3837760414471547,0.016532875104694478
2007T4,2007,4,S128,Compañías de seguros,11830.67141010801,0.6938080068637169,-0.3655600039196568,0.018216037527497897
2008T1,2008,1,S128,Compañías de seguros,12185.896007892003,0.7117282520485642,-0.34005910889522795,0.02550089502442887
2008T2,2008,2,S128,Compañías de seguros,12560.747866123787,0.7302369779539757,-0.31438617018553944,0.02567293870968851
2008T3,2008,3,S128,Compañías de seguros,12977.127575379433,0.7500755983144065,-0.287581279778991,0.02680489040654843
2008T4,2008,4,S128,Compañías de seguros,13298.361987239387,0.7650497674633688,-0.2678143917639473,0.019766888015043727
2009T1,2009,1,S128,Compañías de seguros,13383.40981138995,0.7691074371873479,-0.2625246089784329,0.005289782785514396
2009T2,2009,2,S128,Compañías de seguros,13511.155144536398,0.775210012599135,-0.25462130233943836,0.007903306638994523
2009T3,2009,3,S128,Compañías de seguros,13716.027103165332,0.7850433395469993,-0.24201635310971137,0.012604949229726992
2009T4,2009,4,S128,Compañías de seguros,14009.23403614214,0.7990436553095309,-0.22433969727472683,0.01767665583498454
2010T1,2010,1,S128,Compañías de seguros,14333.305595039707,0.8144767219683986,-0.20520943088386215,0.01913026639086468
2010T2,2010,2,S128,Compañías de seguros,14680.388385852979,0.8308468838204586,-0.18530975643416245,0.0198996744496997
2010T3,2010,3,S128,Compañías de seguros,14841.264802299394,0.8383856135221321,-0.17627712500660606,0.009032631427556392
2010T4,2010,4,S128,Compañías de seguros,15129.66634709313,0.8518274290334444,-0.16037132075126626,0.0159058042553398
2011T1,2011,1,S128,Compañías de seguros,15364.940565926405,0.8627307279478738,-0.1476526551870186,0.012718665564247666
2011T2,2011,2,S128,Compañías de seguros,15590.457543879711,0.8730330628592554,-0.1357818511686729,0.011870804018345699
2011T3,2011,3,S128,Compañías de seguros,15999.671391002934,0.8916229692779267,-0.11471191593827196,0.021069935230400932
2011T4,2011,4,S128,Compañías de seguros,16560.25937975014,0.9167681758084288,-0.08690064587498719,0.027811270063284765
2012T1,2012,1,S128,Compañías de seguros,16873.158465911103,0.9306541210589008,-0.07186758409641367,0.015033061778573525
2012T2,2012,2,S128,Compañías de seguros,17188.5075289317,0.9445907474713766,-0.05700351674978237,0.014864067346631295
2012T3,2012,3,S128,Compañías de seguros,17779.441178577777,0.9707486130706328,-0.029687739090790963,0.02731577765899141
2012T4,2012,4,S128,Compañías de seguros,17969.218678261008,0.9790573375951439,-0.02116507065372137,0.008522668437069593
2013T1,2013,1,S128,Compañías de seguros,18346.432908568066,0.9955516295395279,-0.004458293900040972,0.0167067767536804
2013T2,2013,2,S128,Compañías de seguros,18797.435161022477,1.0152868400184092,0.015171173572967468,0.01962946747300844
2013T3,2013,3,S128,Compañías de seguros,19118.921536293947,1.029209405415946,0.028790939953406,0.013619766380438533
2013T4,2013,4,S128,Compañías de seguros,19356.005907563922,1.0393805271046426,0.038624888670355684,0.009833948716949682
2014T1,2014,1,S128,Compañías de seguros,19764.07492022203,1.056666481746772,0.05511912421800927,0.016494235547653585
2014T2,2014,2,S128,Compañías de seguros,20174.436434332125,1.0737480741514978,0.07115540074219134,0.016036276524182075
2014T3,2014,3,S128,Compañías de seguros,20695.761199054254,1.0953189254137083,0.0910455769472228,0.01989017620503146
2014T4,2014,4,S128,Compañías de seguros,21044.151558290145,1.1094655508481237,0.10387841365036043,0.012832836703137632
2015T1,2015,1,S128,Compañías de seguros,21419.90921453569,1.1247261207856183,0.11753955782750083,0.0136611441771404
2015T2,2015,2,S128,Compañías de seguros,22105.57357138146,1.1521714017629632,0.141648337458695,0.024108779631194177
2015T3,2015,3,S128,Compañías de seguros,23001.421552242555,1.1875149086334746,0.1718628114865659,0.03021447402787089
2015T4,2015,4,S128,Compañías de seguros,23667.33347316014,1.2134975682174702,0.19350674224140707,0.021643930754841167
2016T1,2016,1,S128,Compañías de seguros,24015.981808546007,1.2270047609970387,0.20457604591443204,0.011069303673024972
2016T2,2016,2,S128,Compañías de seguros,24481.59615036461,1.2448772118932099,0.21903690006753368,0.014460854153101638
2016T3,2016,3,S128,Compañías de seguros,24869.701662251977,1.2596766731519415,0.2308550794241937,0.011818179356660019
2016T4,2016,4,S128,Compañías de seguros,25488.33953977658,1.2831561914119602,0.24932281743819298,0.018467738013999285
2017T1,2017,1,S128,Compañías de seguros,25954.104370119123,1.3007508531686183,0.2629416770932064,0.013618859655013443
2017T2,2017,2,S128,Compañías de seguros,26582.43695439648,1.3243147182925445,0.2808951319058941,0.017953454812687675
2017T3,2017,3,S128,Compañías de seguros,26904.74133769112,1.3364056108304172,0.2899836299579912,0.009088498052097105
2017T4,2017,4,S128,Compañías de seguros,27423.198150579916,1.355752357018354,0.30435654527217343,0.014372915314182222
2018T1,2018,1,S128,Compañías de seguros,28156.784000260996,1.382955562492959,0.32422292092486815,0.019866375652694723
2018T2,2018,2,S128,Compañías de seguros,28607.784877130754,1.3995616487358105,0.33615907954680463,0.011936158621936477
2018T3,2018,3,S128,Compañías de seguros,29296.83486025655,1.424748571607854,0.35399535717612896,0.017836277629324326
2018T4,2018,4,S128,Compañías de seguros,30087.79340767696,1.453442055357836,0.37393457462725554,0.01993921745112659
2019T1,2019,1,S128,Compañías de seguros,30533.643042388583,1.469616092812694,0.3850012053301715,0.01106663070291597
2019T2,2019,2,S128,Compañías de seguros,30735.776094141955,1.4768601482381587,0.3899183127007073,0.0049171073705358
2019T3,2019,3,S128,Compañías de seguros,31750.951348872568,1.5130536761959736,0.41412991084314543,0.024211598142438118
2019T4,2019,4,S128,Compañías de seguros,31778.08824330174,1.5140122403762288,0.4147632397753288,0.0006333289321833746
2020T1,2020,1,S128,Compañías de seguros,33221.299914657735,1.5644786689106507,0.44755264958875607,0.03278940981342726
2020T2,2020,2,S128,Compañías de seguros,32459.740634487527,1.5379401919797233,0.4304439834480943,-0.017108666140661755
2020T3,2020,3,S128,Compañías de seguros,32127.784816182295,1.5263769499290218,0.42289692066037904,-0.007547062787715275
2020T4,2020,4,S128,Compañías de seguros,32011.546481915095,1.5223784286096147,0.4202738675678447,-0.0026230530925343554
2021T1,2021,1,S128,Compañías de seguros,32164.252689794597,1.527573441459843,0.42368049042327594,0.0034066228554312517
2021T2,2021,2,S128,Compañías de seguros,31241.137031525534,1.4965023899503236,0.4031306453359525,-0.020549845087323437
2021T3,2021,3,S128,Compañías de seguros,31833.811189076252,1.5162001721017235,0.41620731814864964,0.013076672812697143
2021T4,2021,4,S128,Compañías de seguros,32298.957692795615,1.5312088971271454,0.42605755225815206,0.00985023410950242
2022T1,2022,1,S128,Compañías de seguros,32698.482633762243,1.5438011883198564,0.4342476792702397,0.008190127012087656
2022T2,2022,2,S128,Compañías de seguros,33919.244397551054,1.580696888626861,0.4578658185478243,0.023618139277584604
2022T3,2022,3,S128,Compañías de seguros,34382.280730488295,1.5942129498167485,0.4663801660603325,0.00851434751250818
2022T4,2022,4,S128,Compañías de seguros,35169.75778660293,1.6166411775709906,0.4803506497060567,0.013970483645724174
2023T1,2023,1,S128,Compañías de seguros,35991.34399705925,1.6397353483441275,0.49453485585319196,0.014184206147135281
2023T2,2023,2,S128,Compañías de seguros,36670.34078446951,1.6585496063331666,0.5059434893183313,0.011408633465139373
2023T3,2023,3,S128,Compañías de seguros,36504.86587615647,1.653978164350439,0.503183394791526,-0.002760094526805368
2023T4,2023,4,S128,Compañías de seguros,37127.28338927588,1.6708965753562137,0.5133603538355226,0.010176959043996625
2024T1,2024,1,S128,Compañías de seguros,37473.12876352978,1.6802201815886204,0.5189248452969115,0.005564491461388932
2024T2,2024,2,S128,Compañías de seguros,38048.63578637361,1.6955376831135336,0.5279999077058088,0.009075062408897328
2024T3,2024,3,S128,Compañías de seguros,38534.5734936645,1.708355734385213,0.5355313490812463,0.0075314413754374865
2024T4,2024,4,S128,Compañías de seguros,39514.96437601128,1.7338756550849603,0.5503591659168093,0.014827816835563001
2025T1,2025,1,S128,Compañías de seguros,40374.214354463904,1.7559676885175963,0.5630200944272284,0.012660928510419112
2025T2,2025,2,S128,Compañías de seguros,41094.04908998097,1.7742994544353758,0.5734056714657374,0.010385577038508953
2025T3,2025,3,S128,Compañías de seguros,41547.688131575575,1.7857881608792257,0.5798598644895898,0.006454193023852417
2003T1,2003,1,S129,Fondos de pensiones,23570.496509992994,1.4043766837861362,0.3395935629143782,
2003T2,2003,2,S129,Fondos de pensiones,23974.250749999064,1.4281834111579583,0.3564032948560319,0.016809731941653694
2003T3,2003,3,S129,Fondos de pensiones,24310.95249999687,1.4480524748854393,0.37021953286865505,0.013816238012623161
2003T4,2003,4,S129,Fondos de pensiones,24823.27830999878,1.4783317780770417,0.3909142750593116,0.020694742190656534
2004T1,2004,1,S129,Fondos de pensiones,25511.399559997953,1.5192406784754273,0.41821065640511007,0.02729638134579848
2004T2,2004,2,S129,Fondos de pensiones,25979.447349995913,1.5467487105294713,0.43615512176413734,0.017944465359027273
2004T3,2004,3,S129,Fondos de pensiones,26460.300079996177,1.5747202586500493,0.4540776429469166,0.01792252118277926
2004T4,2004,4,S129,Fondos de pensiones,27105.92800999599,1.6120030481551793,0.4774775349977724,0.023399892050855797
2005T1,2005,1,S129,Fondos de pensiones,27695.015799998528,1.6462547677540424,0.49850287020117817,0.02102533520340577
2005T2,2005,2,S129,Fondos de pensiones,28569.610939995648,1.6962623518412459,0.528427213992306,0.029924343791127794
2005T3,2005,3,S129,Fondos de pensiones,29404.69216999528,1.7433953221825136,0.5558345464338369,0.02740733244153093
2005T4,2005,4,S129,Fondos de pensiones,30548.387299998576,1.8070229838937248,0.5916807308948484,0.03584618446101151
2006T1,2006,1,S129,Fondos de pensiones,31252.300959998804,1.846313395745715,0.6131908918477785,0.021510160952930124
2006T2,2006,2,S129,Fondos de pensiones,32053.248569997166,1.8904393369953358,0.6368092554951227,0.023618363647344154
2006T3,2006,3,S129,Fondos de pensiones,32587.76729999668,1.919487452466353,0.6520581985612639,0.015248943066141218
2006T4,2006,4,S129,Fondos de pensiones,33261.67854999959,1.956240140292571,0.671024335187591,0.018966136626327068
2007T1,2007,1,S129,Fondos de pensiones,34026.68199999843,1.9978775810546712,0.6920854076058253,0.021061072418234295
2007T2,2007,2,S129,Fondos de pensiones,35085.52176999365,2.0547305720870352,0.7201447308792686,0.028059323273443293
2007T3,2007,3,S129,Fondos de pensiones,36089.553719989766,2.1070813250481537,0.7453037316320757,0.025159000752807192
2007T4,2007,4,S129,Fondos de pensiones,37324.34190999305,2.1700079715885963,0.7747308410887527,0.029427109456676925
2008T1,2008,1,S129,Fondos de pensiones,37893.67897999466,2.1987296872324427,0.7878797787017464,0.013148937612993739
2008T2,2008,2,S129,Fondos de pensiones,39622.133249990366,2.2840740322606243,0.8259607046925513,0.038080925990804926
2008T3,2008,3,S129,Fondos de pensiones,39849.23379827117,2.2948943519372067,0.8306868084386217,0.004726103746070409
2008T4,2008,4,S129,Fondos de pensiones,39820.72708949104,2.2935655270560793,0.8301076054148097,-0.0005792030238120915
2009T1,2009,1,S129,Fondos de pensiones,40559.82290786826,2.32882811907771,0.8453651878686983,0.01525758245388864
2009T2,2009,2,S129,Fondos de pensiones,41179.096273613046,2.358411684456465,0.8579883774003976,0.012623189531699275
2009T3,2009,3,S129,Fondos de pensiones,42055.92169113355,2.400497048721925,0.8756758195450383,0.017687442144640686
2009T4,2009,4,S129,Fondos de pensiones,43655.076377602665,2.476854965420541,0.9069895962780363,0.031313776732998067
2010T1,2010,1,S129,Fondos de pensiones,44877.0644915152,2.5350489768990894,0.9302129571322872,0.02322336085425092
2010T2,2010,2,S129,Fondos de pensiones,45916.32579894122,2.58406574252231,0.9493640277493062,0.019151070617018928
2010T3,2010,3,S129,Fondos de pensiones,46897.32274265983,2.6300356302176002,0.9669973937091599,0.017633365959853764
2010T4,2010,4,S129,Fondos de pensiones,48455.49603710093,2.702658951197072,0.9942360851557555,0.02723869144659552
2011T1,2011,1,S129,Fondos de pensiones,48921.73694788268,2.7242659255676536,1.0021990067117326,0.00796292155597711
2011T2,2011,2,S129,Fondos de pensiones,49819.55576159869,2.7652811528582433,1.017142312574664,0.014943305862931355
2011T3,2011,3,S129,Fondos de pensiones,51622.98254065398,2.847207840557715,1.0463388089884031,0.029196496413739226
2011T4,2011,4,S129,Fondos de pensiones,51650.015725259815,2.8484204156105806,1.0467646004960818,0.00042579150767863005
2012T1,2012,1,S129,Fondos de pensiones,53360.52450570341,2.9243299734399466,1.07306538553411,0.02630078503802813
2012T2,2012,2,S129,Fondos de pensiones,54329.171473532464,2.9671386337445096,1.0875980654427475,0.014532679908637602
2012T3,2012,3,S129,Fondos de pensiones,55154.085993888395,3.003653736865256,1.0998294599029883,0.012231394460240796
2012T4,2012,4,S129,Fondos de pensiones,55242.65139085316,3.0075312538892045,1.101119560795811,0.0012901008928227764
2013T1,2013,1,S129,Fondos de pensiones,56082.87541953532,3.0442713853961436,1.113261590229166,0.012142029433354962
2013T2,2013,2,S129,Fondos de pensiones,58157.44972629387,3.135051775904498,1.1426456893885368,0.02938409915937079
2013T3,2013,3,S129,Fondos de pensiones,59182.4304471591,3.179440472331867,1.156705229213802,0.0140595398252652
2013T4,2013,4,S129,Fondos de pensiones,60345.30457638926,3.229328764055527,1.1722743026525497,0.015569073438747694
2014T1,2014,1,S129,Fondos de pensiones,62161.15646372014,3.306248923115791,1.1958142909127494,0.02353998826019965
2014T2,2014,2,S129,Fondos de pensiones,63665.11755668254,3.3688523825027192,1.2145721470508897,0.018757856138140294
2014T3,2014,3,S129,Fondos de pensiones,64919.436040109555,3.4207523099037647,1.2298605005399281,0.015288353489038453
2014T4,2014,4,S129,Fondos de pensiones,66807.36094434609,3.497412773548958,1.252023487589305,0.022162987049376914
2015T1,2015,1,S129,Fondos de pensiones,68117.14491042629,3.550606765700949,1.2671185087979402,0.015095021208635151
2015T2,2015,2,S129,Fondos de pensiones,70439.89176515801,3.6435800104538414,1.292966717665828,0.025848208867887745
2015T3,2015,3,S129,Fondos de pensiones,71992.67207662037,3.7048411873265206,1.309640393410052,0.01667367574422407
2015T4,2015,4,S129,Fondos de pensiones,73830.90691409705,3.7765657330468994,1.3288150604313251,0.01917466702127313
2016T1,2016,1,S129,Fondos de pensiones,76874.55188678014,3.894481395409365,1.3595605242216013,0.030745463790276206
2016T2,2016,2,S129,Fondos de pensiones,80365.50368248191,4.028480413364628,1.3933892362063218,0.03382871198472048
2016T3,2016,3,S129,Fondos de pensiones,82358.62262708254,4.104483164423784,1.4120798310615759,0.01869059485525404
2016T4,2016,4,S129,Fondos de pensiones,82885.10292986962,4.124464973381704,1.4169363079518107,0.004856476890234829
2017T1,2017,1,S129,Fondos de pensiones,84044.64242871286,4.168267562041365,1.427500496738433,0.010564188786622353
2017T2,2017,2,S129,Fondos de pensiones,86602.27816716763,4.264184573326712,1.4502509723541783,0.02275047561574528
2017T3,2017,3,S129,Fondos de pensiones,88686.01023409276,4.34235347764434,1.4684164770887578,0.018165504734579452
2017T4,2017,4,S129,Fondos de pensiones,90122.36652230553,4.395952581470679,1.4806842497385841,0.01226777264982637
2018T1,2018,1,S129,Fondos de pensiones,92586.76540299512,4.487338680523614,1.5012598045383945,0.020575554799810325
2018T2,2018,2,S129,Fondos de pensiones,94310.14728482213,4.550794495416079,1.5153018320967033,0.014042027558308856
2018T3,2018,3,S129,Fondos de pensiones,95234.72548756223,4.584590708248053,1.5227008341661659,0.007399002069462535
2018T4,2018,4,S129,Fondos de pensiones,96072.85295794572,4.61499533189147,1.5293108564464968,0.006610022280330918
2019T1,2019,1,S129,Fondos de pensiones,98419.30222496219,4.7001172101569875,1.5475874467363318,0.01827659028983497
2019T2,2019,2,S129,Fondos de pensiones,99716.10588994413,4.746592131223024,1.5574269145006527,0.009839467764320986
2019T3,2019,3,S129,Fondos de pensiones,101546.188377802,4.811839133039443,1.5710793671794445,0.013652452678791782
2019T4,2019,4,S129,Fondos de pensiones,102674.38459214456,4.851690726308187,1.57932724756387,0.008247880384425477
2020T1,2020,1,S129,Fondos de pensiones,104530.51537369679,4.916596168314303,1.5926164553669815,0.013289207803111491
2020T2,2020,2,S129,Fondos de pensiones,104523.20456102895,4.916341404386683,1.5925646368893813,-5.181847760016289e-05
2020T3,2020,3,S129,Fondos de pensiones,96086.08887722768,4.622445634281947,1.530923923102776,-0.061640713786605295
2020T4,2020,4,S129,Fondos de pensiones,88733.83763470019,4.369533085902637,1.4746561580679254,-0.05626776503485065
2021T1,2021,1,S129,Fondos de pensiones,87804.50717527096,4.3379175822117,1.467394413195084,-0.007261744872841369
2021T2,2021,2,S129,Fondos de pensiones,80796.91286518757,4.102049712550939,1.411486778677421,-0.05590763451766301
2021T3,2021,3,S129,Fondos de pensiones,81265.33973733851,4.117618082394534,1.4152748608356263,0.0037880821582052526
2021T4,2021,4,S129,Fondos de pensiones,80726.85593769072,4.10024300762791,1.4110462421070047,-0.004228618728621569
2022T1,2022,1,S129,Fondos de pensiones,80529.640578108,4.0940271422816,1.4095291169879076,-0.0015171251190970736
2022T2,2022,2,S129,Fondos de pensiones,82090.5185909522,4.141202348030962,1.4209861679025517,0.011457050914644107
2022T3,2022,3,S129,Fondos de pensiones,82963.51761841614,4.16668524739453,1.42712081500489,0.006134647102338242
2022T4,2022,4,S129,Fondos de pensiones,84080.56235561866,4.198499931496271,1.4347273023252418,0.007606487320351851
2023T1,2023,1,S129,Fondos de pensiones,85962.63665849995,4.2514036253573595,1.4472491932008815,0.012521890875639707
2023T2,2023,2,S129,Fondos de pensiones,88148.04483153806,4.311958894456225,1.4613923007357077,0.014143107534826171
2023T3,2023,3,S129,Fondos de pensiones,88298.27255108113,4.316109114638184,1.462354328503145,0.0009620277674373678
2023T4,2023,4,S129,Fondos de pensiones,86104.01183410261,4.256465219855058,1.448439055242001,-0.013915273261144057
2024T1,2024,1,S129,Fondos de pensiones,85387.28973951962,4.237143190169469,1.4438892662514449,-0.004549788990556136
2024T2,2024,2,S129,Fondos de pensiones,85275.44599670143,4.234166394694926,1.4431864715849891,-0.0007027946664557305
2024T3,2024,3,S129,Fondos de pensiones,84735.87345381267,4.219933565227756,1.439819385086976,-0.0033670864980130943
2024T4,2024,4,S129,Fondos de pensiones,87097.00523707888,4.281394658915583,1.4542788114013507,0.01445942631437469
2025T1,2025,1,S129,Fondos de pensiones,86885.5888482986,4.275958967270235,1.4530083970620873,-0.0012704143392634482
2025T2,2025,2,S129,Fondos de pensiones,87896.47602027896,4.301702858321448,1.4590109578699688,0.00600256080788153
2025T3,2025,3,S129,Fondos de pensiones,87704.535541491,4.2968418397289225,1.45788029697767,-0.0011306608922987404
2003T1,2003,1,S14_S15,Hogares,12360.032209235658,0.7364351038654199,-0.30593416119742184,
2003T2,2003,2,S14_S15,Hogares,12325.97495395727,0.7344269719101172,-0.3086647138931249,-0.002730552695703048
2003T3,2003,3,S14_S15,Hogares,12679.086632581248,0.7552643998282772,-0.28068739259022735,0.02797732130289754
2003T4,2003,4,S14_S15,Hogares,13294.709406658985,0.7916487245373633,-0.23363751518060952,0.04704987740961783
2004T1,2004,1,S14_S15,Hogares,13103.485813569989,0.7802804563382507,-0.24810186451647906,-0.014464349335869542
2004T2,2004,2,S14_S15,Hogares,14056.237787108616,0.8362754474218935,-0.1787972376028214,0.06930462691365766
2004T3,2004,3,S14_S15,Hogares,14834.151947683418,0.8815272719798719,-0.12609933947205298,0.05269789813076842
2004T4,2004,4,S14_S15,Hogares,14629.947198065393,0.8697351509420492,-0.13956653788450316,-0.013467198412450171
2005T1,2005,1,S14_S15,Hogares,15015.588923501446,0.8921577719323783,-0.11411228767890086,0.025454250205602297
2005T2,2005,2,S14_S15,Hogares,15402.270566756175,0.9142674474904915,-0.08963213819655108,0.024480149482349778
2005T3,2005,3,S14_S15,Hogares,15404.804708382977,0.9144104774351793,-0.08947570830473695,0.00015642989181413602
2005T4,2005,4,S14_S15,Hogares,15137.877167615103,0.8995603877392172,-0.10584909305986613,-0.016373384755129186
2006T1,2006,1,S14_S15,Hogares,15722.713544818102,0.9322042522244217,-0.07020333356020589,0.03564575949966024
2006T2,2006,2,S14_S15,Hogares,16116.311458804954,0.9538884150981864,-0.047208579680709586,0.022994753879496302
2006T3,2006,3,S14_S15,Hogares,16682.209490997524,0.9846418208468798,-0.015477337598788908,0.03173124208192068
2006T4,2006,4,S14_S15,Hogares,17436.46167538862,1.0257760133314973,0.025449412322268914,0.040926749921057826
2007T1,2007,1,S14_S15,Hogares,17529.739074620873,1.0308528952527252,0.030386513237689206,0.0049371009154202915
2007T2,2007,2,S14_S15,Hogares,18285.858046181904,1.0714516962495497,0.06901445442028468,0.03862794118259548
2007T3,2007,3,S14_S15,Hogares,18727.72424416041,1.0944908317793811,0.09028926131653343,0.02127480689624875
2007T4,2007,4,S14_S15,Hogares,19248.675160217914,1.1210392669078246,0.11425617194025565,0.02396691062372222
2008T1,2008,1,S14_S15,Hogares,20104.79714001225,1.164228606502434,0.1520587273646744,0.03780255542441875
2008T2,2008,2,S14_S15,Hogares,21189.3782802558,1.217781002218541,0.19703035198734065,0.04497162462266624
2008T3,2008,3,S14_S15,Hogares,21083.433882821606,1.212733228195717,0.19287667848311268,-0.0041536735042279616
2008T4,2008,4,S14_S15,Hogares,21102.73051576599,1.2136327303506749,0.19361811832486175,0.0007414398417490697
2009T1,2009,1,S14_S15,Hogares,21722.154847394475,1.2431857422219161,0.2176772319537661,0.02405911362890434
2009T2,2009,2,S14_S15,Hogares,22162.645449895095,1.2642286019001,0.23446213530582624,0.01678490335206015
2009T3,2009,3,S14_S15,Hogares,22372.970160300738,1.2743236469051586,0.24241556484423904,0.007953429538412798
2009T4,2009,4,S14_S15,Hogares,22576.559999381407,1.284044842799929,0.25001512895694034,0.007599564112701296
2010T1,2010,1,S14_S15,Hogares,23893.742385424088,1.3467722343514614,0.29771079207761353,0.04769566312067319
2010T2,2010,2,S14_S15,Hogares,24299.268756365254,1.365898888000956,0.3118127379118421,0.01410194583422858
2010T3,2010,3,S14_S15,Hogares,24169.668778877065,1.3598257840544128,0.3073565915824694,-0.00445614632937269
2010T4,2010,4,S14_S15,Hogares,24763.88069127846,1.3875208052681034,0.3275185613138541,0.020161969731384677
2011T1,2011,1,S14_S15,Hogares,26004.904298380086,1.4450334873426367,0.36813249592745034,0.04061393461359625
2011T2,2011,2,S14_S15,Hogares,26580.190978432627,1.47131441794816,0.38615616313555917,0.01802366720810883
2011T3,2011,3,S14_S15,Hogares,27754.038199468883,1.5246403504460175,0.4217585464726427,0.03560238333708354
2011T4,2011,4,S14_S15,Hogares,27649.996692705037,1.5199735626663362,0.4186929417242518,-0.0030656047483909044
2012T1,2012,1,S14_S15,Hogares,28680.692781196096,1.5657141547219486,0.44834204880156364,0.02964910707731183
2012T2,2012,2,S14_S15,Hogares,29811.407397954972,1.6156852789166791,0.4797591879864278,0.03141713918486416
2012T3,2012,3,S14_S15,Hogares,30484.267144527483,1.6454696292046254,0.49802583235133163,0.018266644364903828
2012T4,2012,4,S14_S15,Hogares,31109.22908628614,1.6728313376318293,0.5145176025961193,0.016491770244787707
2013T1,2013,1,S14_S15,Hogares,32568.067674756512,1.7366213742865337,0.5519414866917394,0.03742388409562003
2013T2,2013,2,S14_S15,Hogares,33475.91117369624,1.7763473012324762,0.574559177947845,0.022617691256105577
2013T3,2013,3,S14_S15,Hogares,33683.53494095542,1.7853388346226795,0.5796082205354638,0.005049042587618846
2013T4,2013,4,S14_S15,Hogares,34307.81467222439,1.8121209674157899,0.5944979644519874,0.014889743916523646
2014T1,2014,1,S14_S15,Hogares,36527.47201984384,1.9061464754593653,0.6450836519431115,0.05058568749112402
2014T2,2014,2,S14_S15,Hogares,37124.478352289676,1.9309972923201886,0.6580366012290237,0.012952949285912285
2014T3,2014,3,S14_S15,Hogares,38074.41304155169,1.970302733529771,0.6781872027861123,0.020150601557088588
2014T4,2014,4,S14_S15,Hogares,39425.423481263824,2.0251614233353967,0.705649412608769,0.02746220982265668
2015T1,2015,1,S14_S15,Hogares,40207.39451135516,2.0569194551291807,0.7212094534283373,0.0155600408195683
2015T2,2015,2,S14_S15,Hogares,40848.089789453756,2.0825647460834387,0.7336001851318324,0.01239073170349514
2015T3,2015,3,S14_S15,Hogares,42485.18296816187,2.1471522824126734,0.764142444379823,0.03054225924799059
2015T4,2015,4,S14_S15,Hogares,43468.95888901973,2.185537411219738,0.7818617530972745,0.01771930871745142
2016T1,2016,1,S14_S15,Hogares,45242.075450394004,2.2542307758062115,0.8128087953837897,0.030947042286515236
2016T2,2016,2,S14_S15,Hogares,46235.777348926305,2.292373691072918,0.8295878270430062,0.01677903165921646
2016T3,2016,3,S14_S15,Hogares,46568.60835366812,2.305065393224808,0.835109046208793,0.00552121916578685
2016T4,2016,4,S14_S15,Hogares,47369.08157226955,2.335446212498294,0.848202970293749,0.013093924084956021
2017T1,2017,1,S14_S15,Hogares,47720.67534789605,2.348727965767095,0.8538738904421809,0.005670920148431846
2017T2,2017,2,S14_S15,Hogares,48051.62676087294,2.361139377578452,0.8591442896428321,0.005270399200651199
2017T3,2017,3,S14_S15,Hogares,48445.65278959231,2.375920828335252,0.8653850795375059,0.006240789894673804
2017T4,2017,4,S14_S15,Hogares,50569.41001793185,2.455171001233056,0.8981964130908218,0.03281133355331589
2018T1,2018,1,S14_S15,Hogares,52284.92174616945,2.5187864840802656,0.923777231602596,0.025580818511774184
2018T2,2018,2,S14_S15,Hogares,53713.8060592359,2.571398745720482,0.9444500098871046,0.02067277828450864
2018T3,2018,3,S14_S15,Hogares,54520.867242057124,2.600899345477448,0.9558572873238054,0.01140727743670078
2018T4,2018,4,S14_S15,Hogares,55059.36344660178,2.620434290949523,0.9633400639407487,0.0074827766169432985
2019T1,2019,1,S14_S15,Hogares,56526.909908743975,2.673672310222062,0.9834529245068933,0.020112860566144586
2019T2,2019,2,S14_S15,Hogares,57859.25438199792,2.7214209447295916,1.0011541500519023,0.01770122554500908
2019T3,2019,3,S14_S15,Hogares,58221.44102811608,2.734333801343402,1.0058878235130646,0.004733673461162269
2019T4,2019,4,S14_S15,Hogares,60232.22446559962,2.805361272171088,1.0315323264641139,0.025644502951049253
2020T1,2020,1,S14_S15,Hogares,61382.59371368107,2.84558754569613,1.045769564954356,0.014237238490242055
2020T2,2020,2,S14_S15,Hogares,65582.00947702555,2.991926906610993,1.0959176302051976,0.0501480652508417
2020T3,2020,3,S14_S15,Hogares,75591.91625684753,3.3406087751529414,1.2061530583896762,0.11023542818447862
2020T4,2020,4,S14_S15,Hogares,80371.41269614057,3.505020270973355,1.2541963039144384,0.048043245524762135
2021T1,2021,1,S14_S15,Hogares,82945.9852028878,3.5926063451881634,1.278877940533793,0.02468163661935452
2021T2,2021,2,S14_S15,Hogares,91391.77080545116,3.8768821422076463,1.3550312590024927,0.07615331846869977
2021T3,2021,3,S14_S15,Hogares,93843.73680877466,3.9583742936044657,1.3758334090570268,0.02080215005453412
2021T4,2021,4,S14_S15,Hogares,94622.17840221155,3.983492005402412,1.3821588229082948,0.006325413851268058
2022T1,2022,1,S14_S15,Hogares,91850.08679907583,3.8961207774758173,1.35998138567859,-0.022177437229704777
2022T2,2022,2,S14_S15,Hogares,93389.81076265458,3.942656633693496,1.3718547686013054,0.011873382922715336
2022T3,2022,3,S14_S15,Hogares,92316.63354987187,3.9113305198579966,1.3638776025216803,-0.007977166079625064
2022T4,2022,4,S14_S15,Hogares,92645.00377768645,3.9206828713963073,1.3662658405177974,0.002388237996117093
2023T1,2023,1,S14_S15,Hogares,93606.23655839867,3.947702402284216,1.3731337393694343,0.0068678988516368555
2023T2,2023,2,S14_S15,Hogares,94873.99424170393,3.9828305804487476,1.3819927676304533,0.00885902826101903
2023T3,2023,3,S14_S15,Hogares,95427.14229298665,3.9981119560366043,1.3858222386967878,0.0038294710663344667
2023T4,2023,4,S14_S15,Hogares,96589.77656775851,4.029714415953597,1.393695508919939,0.007873270223151208
2024T1,2024,1,S14_S15,Hogares,100030.27955760887,4.1224665459711956,1.416451660432928,0.022756151512989042
2024T2,2024,2,S14_S15,Hogares,100816.7858044718,4.143399931937792,1.421516690402995,0.00506502997006697
2024T3,2024,3,S14_S15,Hogares,102308.3887952753,4.182745393971805,1.4309678237588799,0.009451133355884878
2024T4,2024,4,S14_S15,Hogares,102360.98076596,4.184114381531241,1.4312950642310247,0.00032724047214482965
2025T1,2025,1,S14_S15,Hogares,104754.55264639083,4.245655110459885,1.4458961330530773,0.014601068822052587
2025T2,2025,2,S14_S15,Hogares,106877.082754204,4.299708802467289,1.4585473000499454,0.01265116699686808
2025T3,2025,3,S14_S15,Hogares,108067.01467716707,4.329844609348094,1.465531654383862,0.0069843543339165315
2003T1,2003,1,S2,Resto del mundo,28798.000629379,1.7158416924485214,0.5399037429922473,
2003T2,2003,2,S2,Resto del mundo,28118.431220902006,1.6757719618183262,0.5162739318351723,-0.023629811157074965
2003T3,2003,3,S2,Resto del mundo,28698.390656729003,1.7099958736033876,0.5364909574142228,0.020217025579050474
2003T4,2003,4,S2,Resto del mundo,28818.691988403003,1.7171058813855389,0.5406402465169725,0.004149289102749698
2004T1,2004,1,S2,Resto del mundo,28999.634965149,1.727862965567285,0.5468853649035205,0.006245118386547954
2004T2,2004,2,S2,Resto del mundo,28404.86062518,1.6929069803913661,0.5264471579861157,-0.020438206917404722
2004T3,2004,3,S2,Resto del mundo,28630.860704926003,1.7060535670934238,0.5341828478106706,0.007735689824554859
2004T4,2004,4,S2,Resto del mundo,28253.440888586003,1.684258872480889,0.5213256287568179,-0.012857219053852731
2005T1,2005,1,S2,Resto del mundo,28766.216864593,1.7140735439870656,0.5388727270654976,0.01754709830867973
2005T2,2005,2,S2,Resto del mundo,28768.787409719,1.7142205225668214,0.5389584715068977,8.574444140008186e-05
2005T3,2005,3,S2,Resto del mundo,28491.682017465002,1.6985803671360513,0.5297928240349067,-0.009165647471991
2005T4,2005,4,S2,Resto del mundo,28688.146361567,1.7095103488216434,0.5362069837914683,0.006414159756561566
2006T1,2006,1,S2,Resto del mundo,29139.216004865004,1.7346877435309649,0.5508274222912882,0.014620438499819977
2006T2,2006,2,S2,Resto del mundo,29544.962195270004,1.7570411813046352,0.5636312473506803,0.012803825059392038
2006T3,2006,3,S2,Resto del mundo,29348.355202891,1.7463566864562696,0.5575317243291456,-0.006099523021534714
2006T4,2006,4,S2,Resto del mundo,29641.432632694,1.7623400719338285,0.5666425122589005,0.009110787929754949
2007T1,2007,1,S2,Resto del mundo,29382.869196363004,1.748267037670397,0.5586250331115642,-0.008017479147336304
2007T2,2007,2,S2,Resto del mundo,30593.689311390004,1.8132804108852572,0.5951375866002747,0.03651255348871052
2007T3,2007,3,S2,Resto del mundo,31478.732185802,1.8594270109795268,0.6202683816521505,0.025130795051875765
2007T4,2007,4,S2,Resto del mundo,32129.855894681,1.8926092456449088,0.6379564302353566,0.017688048583206162
2008T1,2008,1,S2,Resto del mundo,32998.407099166005,1.9364256103816502,0.6608438047662638,0.022887374530907167
2008T2,2008,2,S2,Resto del mundo,34071.707636764004,1.989421013841138,0.6878436485843493,0.02699984381808551
2008T3,2008,3,S2,Resto del mundo,36142.448031085,2.0880824798894775,0.7362461711029908,0.04840252251864152
2008T4,2008,4,S2,Resto del mundo,36099.747092094,2.0860919986095654,0.7352924584869811,-0.0009537126160097387
2009T1,2009,1,S2,Resto del mundo,37953.374555602,2.174529393843769,0.7768122704825989,0.04151981199561783
2009T2,2009,2,S2,Resto del mundo,37527.326255044005,2.1541764633751597,0.7674084989511417,-0.009403771531457217
2009T3,2009,3,S2,Resto del mundo,39544.00512997201,2.2509718611383835,0.811362061241568,0.04395356229042624
2009T4,2009,4,S2,Resto del mundo,42429.536697464006,2.388752890657342,0.8707714266845772,0.05940936544300923
2010T1,2010,1,S2,Resto del mundo,42961.626039109,2.4140922641772375,0.8813233423994877,0.010551915714910542
2010T2,2010,2,S2,Resto del mundo,44762.719030133,2.499040825598527,0.9159069884934921,0.03458364609400433
2010T3,2010,3,S2,Resto del mundo,47223.86704320501,2.6143711520453525,0.9610235913682902,0.04511660287479813
2010T4,2010,4,S2,Resto del mundo,48582.117253314995,2.6776764604671826,0.9849494261045213,0.02392583473623111
2011T1,2011,1,S2,Resto del mundo,50284.434671056006,2.756566853749171,1.013986011882166,0.029036585777644675
2011T2,2011,2,S2,Resto del mundo,51233.561658754,2.7999260020910772,1.0295929890073219,0.015606977125155908
2011T3,2011,3,S2,Resto del mundo,51939.988760972,2.832017813778699,1.0409894659877845,0.011396476980462644
2011T4,2011,4,S2,Resto del mundo,54185.568721817006,2.9327434322893495,1.0759383099635753,0.03494884397579079
2012T1,2012,1,S2,Resto del mundo,55072.791196914,2.9721169020726634,1.0892744605612943,0.013336150597718976
2012T2,2012,2,S2,Resto del mundo,57030.761179041,3.0586479857751807,1.117972983612578,0.02869852305128373
2012T3,2012,3,S2,Resto del mundo,60055.136724618,3.192522929417774,1.1608114911752798,0.0428385075627018
2012T4,2012,4,S2,Resto del mundo,64624.07212309,3.392557315262022,1.2215840072818953,0.06077251610661549
2013T1,2013,1,S2,Resto del mundo,66150.547259023,3.4593048674883176,1.2410676635352522,0.019483656253356907
2013T2,2013,2,S2,Resto del mundo,67423.76398427601,3.51501900177779,1.2570449311591942,0.015977267623942026
2013T3,2013,3,S2,Resto del mundo,69870.72858571101,3.620989354829823,1.286747290936549,0.029702359777354692
2013T4,2013,4,S2,Resto del mundo,73366.834520134,3.7709752805368297,1.3273336631067185,0.04058637217016958
2014T1,2014,1,S2,Resto del mundo,74221.87158299,3.8071949674706467,1.3368926889786092,0.009559025871890725
2014T2,2014,2,S2,Resto del mundo,76539.926552511,3.9036856684735763,1.3619211500617725,0.025028461083163256
2014T3,2014,3,S2,Resto del mundo,79060.897693366,4.0079958743098425,1.3882913344182222,0.026370184356449666
2014T4,2014,4,S2,Resto del mundo,83943.450199958,4.206255210837164,1.4365727532421488,0.04828141882392667
2015T1,2015,1,S2,Resto del mundo,84100.139277733,4.212618792763129,1.4380844953433296,0.0015117421011807686
2015T2,2015,2,S2,Resto del mundo,86189.663813236,4.296256781836601,1.457744127728604,0.01965963238527446
2015T3,2015,3,S2,Resto del mundo,91119.12153435001,4.490736566974502,1.5020167343968445,0.0442726066682404
2015T4,2015,4,S2,Resto del mundo,91523.36316681,4.506509332705162,1.5055228699553014,0.003506135558456913
2016T1,2016,1,S2,Resto del mundo,93063.40118205,4.566172862538709,1.5186754060284582,0.013152536073156806
2016T2,2016,2,S2,Resto del mundo,94495.91702157,4.621159504272743,1.5306456485555133,0.011970242527055142
2016T3,2016,3,S2,Resto del mundo,94065.04315894499,4.604729175813071,1.5270838570794856,-0.0035617914760277536
2016T4,2016,4,S2,Resto del mundo,94857.71791340201,4.634814015503133,1.5335960721077035,0.006512215028217971
2017T1,2017,1,S2,Resto del mundo,94371.167332466,4.616434154377126,1.5296225790241207,-0.0039734930835828575
2017T2,2017,2,S2,Resto del mundo,97121.156621981,4.719564850336337,1.5517166026221012,0.022094023597980517
2017T3,2017,3,S2,Resto del mundo,98958.816617695,4.788502633006869,1.5662177598398577,0.014501157217756466
2017T4,2017,4,S2,Resto del mundo,102419.110647292,4.9176270434919624,1.592826105922848,0.02660834608299023
2018T1,2018,1,S2,Resto del mundo,105001.04808854201,5.013371767531331,1.6121086962200746,0.019282590297226676
2018T2,2018,2,S2,Resto del mundo,103078.86942308702,4.94259615193994,1.597890729983662,-0.014217966236412583
2018T3,2018,3,S2,Resto del mundo,104742.66384082401,5.003413019657399,1.6101202834974817,0.012229553513819713
2018T4,2018,4,S2,Resto del mundo,108595.596131354,5.143185262373098,1.6376725883825898,0.02755230488510807
2019T1,2019,1,S2,Resto del mundo,108759.86795397001,5.149144532954283,1.6388305907718688,0.0011580023892789892
2019T2,2019,2,S2,Resto del mundo,112865.278897613,5.296274476138172,1.667003644357096,0.028173053585227148
2019T3,2019,3,S2,Resto del mundo,114780.47779934798,5.364556090245399,1.6798136308598175,0.012809986502721582
2019T4,2019,4,S2,Resto del mundo,118524.58778097201,5.496810343755792,1.7041679865106822,0.024354355650864745
2020T1,2020,1,S2,Resto del mundo,125501.982180704,5.74079685163908,1.7475980250236356,0.04343003851295335
2020T2,2020,2,S2,Resto del mundo,128735.99452700999,5.853494266379524,1.7670387934170837,0.019440768393448105
2020T3,2020,3,S2,Resto del mundo,127178.08651025,5.799226600331388,1.757724563890719,-0.009314229526364626
2020T4,2020,4,S2,Resto del mundo,123878.521877062,5.685723773456427,1.7379584319320531,-0.019766131958665945
2021T1,2021,1,S2,Resto del mundo,127910.06453115502,5.82287547269044,1.7617942072047832,0.023835775272730064
2021T2,2021,2,S2,Resto del mundo,130351.642279768,5.90505627778468,1.7758089801347623,0.014014772929979102
2021T3,2021,3,S2,Resto del mundo,147545.583435564,6.4765043540944305,1.8681809132792209,0.09237193314445857
2021T4,2021,4,S2,Resto del mundo,151352.41048607603,6.599337955902913,1.8869693342893443,0.018788421010123457
2022T1,2022,1,S2,Resto del mundo,161745.585517917,6.926911714129656,1.9354140737780228,0.048444739488678445
2022T2,2022,2,S2,Resto del mundo,164646.914900601,7.014600059694462,1.947993699768722,0.012579625990699173
2022T3,2022,3,S2,Resto del mundo,165078.616024683,7.027201444064933,1.9497885389494338,0.0017948391807118824
2022T4,2022,4,S2,Resto del mundo,164685.27448547102,7.015998636874362,1.9481930607817162,-0.0015954781677176566
2023T1,2023,1,S2,Resto del mundo,163839.654238376,6.992228887398177,1.9447993734293034,-0.0033936873524127442
2023T2,2023,2,S2,Resto del mundo,165353.306762691,7.0341705425374315,1.9507797792138641,0.005980405784560716
2023T3,2023,3,S2,Resto del mundo,172294.263775028,7.225922770171113,1.9776749448979372,0.02689516568407302
2023T4,2023,4,S2,Resto del mundo,174925.16996955502,7.297435462822657,1.9875229799691243,0.009848035071187144
2024T1,2024,1,S2,Resto del mundo,177848.868877016,7.376255130178599,1.9982660748885555,0.010743094919431151
2024T2,2024,2,S2,Resto del mundo,180187.372646722,7.438495960675306,2.0066686725855463,0.00840259769699081
2024T3,2024,3,S2,Resto del mundo,183280.953915679,7.520098360990497,2.017579217795156,0.010910545209609879
2024T4,2024,4,S2,Resto del mundo,180145.284181091,7.438475771053987,2.0066659583743904,-0.010913259420765709
2025T1,2025,1,S2,Resto del mundo,184538.666014635,7.551433281421083,2.0217373838426855,0.015071425468295097
2025T2,2025,2,S2,Resto del mundo,188522.50708396302,7.652888293708173,2.0350831313156856,0.013345747473000102
2025T3,2025,3,S2,Resto del mundo,195947.06473298802,7.840920088778661,2.0593561857389586,0.02427305442327299
